transaction_id,card_id,timestamp,amount,merchant_category,country,card_present,is_fraud
txn_0000000,card_00283,2026-01-04T03:49:50Z,36.98,atm_withdrawal,DE,True,False
txn_0000001,card_00193,2026-01-11T04:50:29Z,14.63,travel,AE,False,False
txn_0000002,card_00631,2026-01-09T07:33:13Z,86.59,electronics,GB,False,False
txn_0000003,card_00505,2026-01-07T17:06:20Z,47.8,online_retail,IN,False,False
txn_0000004,card_00101,2026-01-07T03:45:13Z,53.87,utilities,DE,True,True
txn_0000005,card_00093,2026-01-24T14:35:53Z,12.94,electronics,IN,False,False
txn_0000006,card_00563,2026-01-19T15:34:40Z,92.18,entertainment,IN,False,False
txn_0000007,card_00156,2026-01-02T21:03:36Z,22.69,atm_withdrawal,AE,True,False
txn_0000008,card_00099,2026-01-17T00:42:23Z,20.46,pharmacy,US,False,False
txn_0000009,card_00095,2026-01-04T03:38:37Z,124.39,fuel,US,True,False
txn_0000010,card_00615,2026-01-19T21:18:41Z,602.18,atm_withdrawal,US,False,True
txn_0000011,card_00680,2026-01-17T10:44:24Z,96.56,online_retail,GB,True,False
txn_0000012,card_00634,2026-01-13T22:25:49Z,45.65,fuel,DE,False,False
txn_0000013,card_00801,2026-01-01T09:14:11Z,730.69,restaurant,AE,True,True
txn_0000014,card_00684,2026-01-14T17:10:05Z,190.98,electronics,IN,False,False
txn_0000015,card_00642,2026-01-30T00:37:03Z,12.16,electronics,IN,True,False
txn_0000016,card_00012,2026-01-09T04:04:18Z,74.34,pharmacy,DE,False,False
txn_0000017,card_00151,2026-01-12T23:01:40Z,78.39,utilities,SG,True,False
txn_0000018,card_00799,2026-01-09T01:59:37Z,52.78,atm_withdrawal,AE,False,False
txn_0000019,card_00703,2026-01-10T22:49:20Z,353.98,utilities,GB,True,False
txn_0000020,card_00857,2026-01-02T22:04:23Z,54.23,atm_withdrawal,DE,True,False
txn_0000021,card_00391,2026-01-13T19:49:37Z,14.03,pharmacy,SG,True,False
txn_0000022,card_00162,2026-01-06T19:13:45Z,26.35,restaurant,IN,True,False
txn_0000023,card_00505,2026-01-25T08:50:04Z,57.85,pharmacy,GB,True,False
txn_0000024,card_00616,2026-01-14T15:26:48Z,42.98,restaurant,GB,True,False
txn_0000025,card_00832,2026-01-03T03:05:53Z,131.52,fuel,IN,True,False
txn_0000026,card_00006,2026-01-06T11:37:28Z,9.86,restaurant,GB,True,False
txn_0000027,card_00171,2026-01-23T12:45:48Z,289.3,online_retail,GB,False,False
txn_0000028,card_00374,2026-01-05T07:48:07Z,35.55,online_retail,US,False,False
txn_0000029,card_00048,2026-01-22T13:19:31Z,107.51,atm_withdrawal,US,True,False
txn_0000030,card_00831,2026-01-13T00:44:04Z,202.19,online_retail,IN,True,False
txn_0000031,card_00032,2026-01-16T11:27:33Z,11.09,restaurant,US,True,False
txn_0000032,card_00161,2026-01-22T15:02:22Z,139.59,entertainment,IN,True,False
txn_0000033,card_00788,2026-01-14T08:57:39Z,10.26,fuel,SG,True,False
txn_0000034,card_00861,2026-01-02T16:43:37Z,476.74,online_retail,US,True,False
txn_0000035,card_00486,2026-01-30T20:02:10Z,213.01,utilities,AE,True,False
txn_0000036,card_00817,2026-01-22T09:54:02Z,21.44,entertainment,DE,True,False
txn_0000037,card_00719,2026-01-14T08:05:02Z,59.03,fuel,IN,True,False
txn_0000038,card_00714,2026-01-22T16:49:06Z,4.49,restaurant,SG,False,False
txn_0000039,card_00812,2026-01-29T10:23:36Z,56.21,restaurant,SG,False,False
txn_0000040,card_00693,2026-01-29T04:29:50Z,338.66,atm_withdrawal,IN,True,False
txn_0000041,card_00055,2026-01-08T15:51:57Z,979.54,utilities,SG,False,False
txn_0000042,card_00867,2026-01-26T23:53:43Z,123.61,pharmacy,SG,False,False
txn_0000043,card_00666,2026-01-23T12:45:46Z,94.35,entertainment,GB,True,False
txn_0000044,card_00538,2026-01-17T19:19:20Z,6.1,pharmacy,AE,False,False
txn_0000045,card_00546,2026-01-14T15:19:32Z,57.84,travel,AE,False,False
txn_0000046,card_00643,2026-01-18T14:40:53Z,69.81,fuel,GB,True,False
txn_0000047,card_00246,2026-01-08T03:40:33Z,136.02,restaurant,GB,True,False
txn_0000048,card_00339,2026-01-03T15:13:23Z,455.25,travel,DE,True,False
txn_0000049,card_00648,2026-01-18T06:42:42Z,298.38,restaurant,US,False,False
txn_0000050,card_00341,2026-01-14T08:28:20Z,71.89,electronics,SG,True,False
txn_0000051,card_00405,2026-01-21T03:15:52Z,171.78,pharmacy,DE,True,False
txn_0000052,card_00760,2026-01-26T04:59:08Z,60.21,restaurant,AE,True,False
txn_0000053,card_00852,2026-01-04T11:19:39Z,19.38,electronics,US,True,False
txn_0000054,card_00415,2026-01-11T11:46:41Z,17.82,restaurant,GB,True,False
txn_0000055,card_00009,2026-01-13T15:25:04Z,171.87,entertainment,GB,True,False
txn_0000056,card_00582,2026-01-03T17:12:59Z,204.54,utilities,GB,True,False
txn_0000057,card_00289,2026-01-20T12:57:31Z,77.59,pharmacy,AE,False,False
txn_0000058,card_00529,2026-01-17T13:43:34Z,420.74,grocery,DE,False,False
txn_0000059,card_00837,2026-01-20T05:38:31Z,159.06,travel,IN,True,False
txn_0000060,card_00110,2026-01-28T01:32:18Z,97.96,restaurant,US,True,False
txn_0000061,card_00246,2026-01-30T19:20:12Z,15.19,travel,SG,False,False
txn_0000062,card_00821,2026-01-27T01:16:03Z,798.28,fuel,DE,False,True
txn_0000063,card_00685,2026-01-24T09:56:59Z,77.17,entertainment,US,False,False
txn_0000064,card_00389,2026-01-06T18:45:10Z,155.83,grocery,US,False,False
txn_0000065,card_00304,2026-01-13T09:24:14Z,12.74,restaurant,GB,True,False
txn_0000066,card_00077,2026-01-18T11:17:46Z,64.76,grocery,GB,False,False
txn_0000067,card_00811,2026-01-22T12:14:44Z,53.3,atm_withdrawal,DE,True,False
txn_0000068,card_00282,2026-01-06T20:48:34Z,610.11,utilities,US,False,True
txn_0000069,card_00329,2026-01-29T02:09:49Z,55.99,restaurant,SG,True,False
txn_0000070,card_00792,2026-01-08T11:45:30Z,10.47,restaurant,IN,False,False
txn_0000071,card_00098,2026-01-26T15:36:10Z,30.98,atm_withdrawal,GB,False,False
txn_0000072,card_00257,2026-01-19T23:30:28Z,54.41,utilities,GB,False,False
txn_0000073,card_00360,2026-01-06T16:17:11Z,99.94,travel,US,True,False
txn_0000074,card_00333,2026-01-19T21:30:53Z,51.25,fuel,DE,True,False
txn_0000075,card_00522,2026-01-10T11:03:43Z,38.74,fuel,DE,False,False
txn_0000076,card_00535,2026-01-18T18:58:11Z,144.7,travel,DE,True,False
txn_0000077,card_00031,2026-01-28T00:33:13Z,48.43,online_retail,SG,True,False
txn_0000078,card_00739,2026-01-13T09:59:29Z,130.02,online_retail,AE,False,False
txn_0000079,card_00694,2026-01-17T18:13:27Z,441.56,fuel,DE,True,False
txn_0000080,card_00014,2026-01-14T18:29:34Z,65.29,restaurant,SG,False,False
txn_0000081,card_00569,2026-01-12T02:01:27Z,98.87,utilities,GB,True,False
txn_0000082,card_00572,2026-01-10T04:35:40Z,23.19,atm_withdrawal,IN,True,False
txn_0000083,card_00679,2026-01-25T20:50:42Z,242.06,travel,AE,False,False
txn_0000084,card_00065,2026-01-20T17:30:51Z,23.36,grocery,US,False,False
txn_0000085,card_00412,2026-01-05T11:46:37Z,48.07,pharmacy,US,True,False
txn_0000086,card_00362,2026-01-05T16:06:45Z,42.48,electronics,IN,False,False
txn_0000087,card_00092,2026-01-05T10:50:50Z,23.95,grocery,AE,True,False
txn_0000088,card_00589,2026-01-17T22:21:13Z,22.28,travel,SG,False,False
txn_0000089,card_00110,2026-01-21T15:21:48Z,98.0,pharmacy,GB,False,False
txn_0000090,card_00126,2026-01-03T17:11:09Z,12.49,utilities,US,False,False
txn_0000091,card_00183,2026-01-17T05:48:00Z,305.34,online_retail,DE,True,False
txn_0000092,card_00615,2026-01-24T07:39:48Z,239.79,electronics,GB,False,False
txn_0000093,card_00501,2026-01-16T11:30:43Z,254.98,grocery,AE,True,False
txn_0000094,card_00853,2026-01-24T14:58:34Z,40.8,pharmacy,AE,False,False
txn_0000095,card_00144,2026-01-14T23:12:46Z,49.04,utilities,DE,False,False
txn_0000096,card_00539,2026-01-13T02:43:32Z,133.54,atm_withdrawal,DE,True,False
txn_0000097,card_00401,2026-01-22T06:01:56Z,7.87,online_retail,DE,True,False
txn_0000098,card_00460,2026-01-16T11:34:52Z,32.26,travel,IN,False,False
txn_0000099,card_00313,2026-01-05T06:43:44Z,33.46,pharmacy,US,False,False
txn_0000100,card_00493,2026-01-14T16:21:25Z,10.15,utilities,US,True,False
txn_0000101,card_00035,2026-01-20T14:45:58Z,116.17,fuel,IN,False,False
txn_0000102,card_00205,2026-01-26T02:26:33Z,300.96,atm_withdrawal,GB,False,False
txn_0000103,card_00846,2026-01-09T18:29:09Z,42.47,utilities,DE,False,False
txn_0000104,card_00843,2026-01-05T09:22:05Z,13.49,electronics,AE,False,False
txn_0000105,card_00705,2026-01-10T23:29:47Z,212.13,fuel,DE,True,False
txn_0000106,card_00864,2026-01-19T15:24:37Z,41.75,restaurant,DE,True,False
txn_0000107,card_00031,2026-01-05T14:56:22Z,64.8,grocery,US,True,False
txn_0000108,card_00279,2026-01-03T19:14:24Z,1.71,fuel,AE,False,False
txn_0000109,card_00692,2026-01-26T19:01:12Z,43.44,atm_withdrawal,DE,False,False
txn_0000110,card_00853,2026-01-03T07:48:00Z,181.09,travel,DE,True,False
txn_0000111,card_00839,2026-01-25T15:27:21Z,42.22,travel,IN,True,False
txn_0000112,card_00697,2026-01-14T03:50:33Z,177.37,travel,DE,False,False
txn_0000113,card_00195,2026-01-22T10:33:09Z,147.87,travel,IN,False,False
txn_0000114,card_00259,2026-01-11T07:12:06Z,154.48,restaurant,AE,True,False
txn_0000115,card_00725,2026-01-22T13:27:15Z,37.39,atm_withdrawal,SG,False,False
txn_0000116,card_00628,2026-01-09T06:10:06Z,253.8,electronics,DE,False,False
txn_0000117,card_00173,2026-01-11T04:17:33Z,56.47,electronics,IN,False,False
txn_0000118,card_00131,2026-01-08T07:01:21Z,350.27,online_retail,IN,True,True
txn_0000119,card_00798,2026-01-12T19:00:14Z,462.37,entertainment,IN,False,False
txn_0000120,card_00865,2026-01-29T05:56:34Z,189.73,online_retail,SG,False,False
txn_0000121,card_00647,2026-01-27T14:00:45Z,106.06,fuel,US,False,True
txn_0000122,card_00013,2026-01-23T12:10:03Z,29.09,entertainment,GB,False,False
txn_0000123,card_00224,2026-01-18T08:50:49Z,184.57,electronics,DE,False,False
txn_0000124,card_00812,2026-01-23T23:26:12Z,12.46,utilities,DE,False,False
txn_0000125,card_00674,2026-01-11T10:43:11Z,87.23,fuel,GB,True,False
txn_0000126,card_00206,2026-01-09T13:47:01Z,154.8,online_retail,IN,True,False
txn_0000127,card_00429,2026-01-12T22:09:47Z,279.58,atm_withdrawal,IN,True,False
txn_0000128,card_00740,2026-01-04T13:52:30Z,17.42,pharmacy,GB,False,False
txn_0000129,card_00861,2026-01-07T08:02:23Z,34.06,fuel,SG,False,False
txn_0000130,card_00165,2026-01-18T09:43:43Z,131.5,entertainment,SG,True,False
txn_0000131,card_00757,2026-01-19T08:35:46Z,61.56,pharmacy,AE,True,False
txn_0000132,card_00445,2026-01-09T05:31:42Z,77.1,travel,US,True,False
txn_0000133,card_00013,2026-01-24T18:55:17Z,13.82,fuel,IN,True,False
txn_0000134,card_00327,2026-01-02T19:51:56Z,61.46,travel,US,True,False
txn_0000135,card_00520,2026-01-23T19:36:37Z,39.11,atm_withdrawal,IN,True,False
txn_0000136,card_00252,2026-01-21T00:03:38Z,32.77,electronics,US,False,False
txn_0000137,card_00434,2026-01-24T08:04:35Z,15.08,atm_withdrawal,SG,True,False
txn_0000138,card_00520,2026-01-08T12:15:35Z,46.13,fuel,GB,True,False
txn_0000139,card_00642,2026-01-18T21:06:44Z,178.82,electronics,GB,False,False
txn_0000140,card_00542,2026-01-29T20:15:20Z,316.97,grocery,AE,True,False
txn_0000141,card_00201,2026-01-11T19:34:14Z,590.92,online_retail,AE,True,False
txn_0000142,card_00848,2026-01-26T20:08:29Z,10.57,utilities,IN,False,False
txn_0000143,card_00612,2026-01-12T18:58:28Z,127.57,restaurant,SG,True,False
txn_0000144,card_00431,2026-01-20T01:34:04Z,76.49,travel,DE,False,False
txn_0000145,card_00445,2026-01-12T14:28:55Z,5.7,grocery,SG,True,True
txn_0000146,card_00619,2026-01-15T00:34:34Z,593.61,entertainment,AE,False,True
txn_0000147,card_00596,2026-01-26T09:27:11Z,53.1,travel,AE,False,False
txn_0000148,card_00419,2026-01-10T21:19:51Z,68.38,travel,DE,False,False
txn_0000149,card_00423,2026-01-13T14:02:44Z,108.26,utilities,GB,False,False
txn_0000150,card_00621,2026-01-11T16:43:41Z,91.68,online_retail,SG,False,False
txn_0000151,card_00185,2026-01-25T12:55:51Z,147.15,grocery,US,True,False
txn_0000152,card_00058,2026-01-23T10:36:46Z,124.3,entertainment,US,True,False
txn_0000153,card_00567,2026-01-06T14:38:32Z,580.36,atm_withdrawal,AE,False,False
txn_0000154,card_00813,2026-01-22T22:53:59Z,32.06,pharmacy,DE,False,False
txn_0000155,card_00013,2026-01-07T07:59:19Z,49.08,online_retail,AE,True,False
txn_0000156,card_00577,2026-01-13T15:42:59Z,149.74,online_retail,DE,True,False
txn_0000157,card_00134,2026-01-29T14:45:35Z,207.8,entertainment,SG,False,False
txn_0000158,card_00642,2026-01-25T02:49:14Z,16.56,fuel,IN,False,False
txn_0000159,card_00083,2026-01-05T08:19:19Z,5.17,restaurant,DE,True,False
txn_0000160,card_00603,2026-01-15T17:10:50Z,80.34,entertainment,IN,False,False
txn_0000161,card_00579,2026-01-08T20:32:28Z,144.46,entertainment,US,True,False
txn_0000162,card_00573,2026-01-08T21:16:25Z,38.75,entertainment,AE,True,False
txn_0000163,card_00860,2026-01-24T13:39:35Z,74.68,entertainment,GB,True,False
txn_0000164,card_00727,2026-01-25T08:36:44Z,155.48,atm_withdrawal,DE,False,False
txn_0000165,card_00274,2026-01-10T07:16:16Z,118.31,atm_withdrawal,DE,True,False
txn_0000166,card_00645,2026-01-27T16:08:35Z,46.77,atm_withdrawal,SG,False,False
txn_0000167,card_00203,2026-01-09T08:13:39Z,346.56,fuel,DE,True,False
txn_0000168,card_00249,2026-01-24T15:23:18Z,253.17,restaurant,SG,True,False
txn_0000169,card_00203,2026-01-20T12:31:07Z,149.58,online_retail,SG,False,False
txn_0000170,card_00355,2026-01-24T16:36:13Z,348.32,travel,US,True,True
txn_0000171,card_00754,2026-01-09T15:33:33Z,31.18,travel,AE,False,False
txn_0000172,card_00434,2026-01-12T01:22:59Z,20.66,entertainment,GB,False,False
txn_0000173,card_00461,2026-01-23T15:35:06Z,36.1,travel,SG,False,False
txn_0000174,card_00451,2026-01-16T22:23:45Z,51.64,fuel,SG,True,False
txn_0000175,card_00737,2026-01-09T07:55:20Z,274.37,travel,AE,False,False
txn_0000176,card_00503,2026-01-14T18:00:49Z,83.83,electronics,US,False,False
txn_0000177,card_00597,2026-01-12T15:18:52Z,265.26,travel,AE,True,False
txn_0000178,card_00041,2026-01-14T10:20:21Z,391.29,pharmacy,AE,False,False
txn_0000179,card_00259,2026-01-13T20:00:41Z,116.62,grocery,GB,False,False
txn_0000180,card_00177,2026-01-06T04:52:54Z,103.97,atm_withdrawal,IN,True,False
txn_0000181,card_00685,2026-01-12T09:31:02Z,44.95,travel,AE,True,False
txn_0000182,card_00038,2026-01-01T10:34:50Z,133.15,pharmacy,IN,True,False
txn_0000183,card_00331,2026-01-24T19:00:11Z,41.46,atm_withdrawal,GB,False,False
txn_0000184,card_00264,2026-01-17T22:17:26Z,3.83,entertainment,US,True,False
txn_0000185,card_00537,2026-01-08T09:55:54Z,72.73,pharmacy,DE,True,False
txn_0000186,card_00068,2026-01-11T16:42:31Z,141.34,electronics,US,True,False
txn_0000187,card_00006,2026-01-23T06:18:00Z,150.97,electronics,DE,False,False
txn_0000188,card_00731,2026-01-06T15:23:38Z,47.58,pharmacy,GB,True,False
txn_0000189,card_00069,2026-01-24T11:14:47Z,33.52,electronics,SG,True,False
txn_0000190,card_00835,2026-01-11T01:45:57Z,188.06,online_retail,US,True,True
txn_0000191,card_00591,2026-01-26T01:28:11Z,25.98,pharmacy,AE,False,False
txn_0000192,card_00719,2026-01-10T23:53:37Z,84.26,online_retail,IN,False,False
txn_0000193,card_00203,2026-01-17T00:37:19Z,1068.65,online_retail,DE,True,False
txn_0000194,card_00329,2026-01-12T18:31:11Z,59.3,online_retail,DE,False,False
txn_0000195,card_00459,2026-01-29T09:09:59Z,49.8,grocery,GB,False,False
txn_0000196,card_00343,2026-01-07T10:33:19Z,119.56,grocery,IN,True,False
txn_0000197,card_00309,2026-01-30T04:43:09Z,27.52,restaurant,IN,False,False
txn_0000198,card_00699,2026-01-03T15:48:21Z,84.6,electronics,DE,True,False
txn_0000199,card_00178,2026-01-18T23:46:13Z,145.97,travel,GB,False,False
txn_0000200,card_00268,2026-01-14T18:36:10Z,116.32,fuel,AE,True,False
txn_0000201,card_00518,2026-01-03T18:07:36Z,52.33,online_retail,SG,True,False
txn_0000202,card_00808,2026-01-06T04:17:24Z,60.44,entertainment,AE,False,False
txn_0000203,card_00140,2026-01-11T01:17:25Z,200.42,entertainment,GB,True,False
txn_0000204,card_00105,2026-01-20T21:53:38Z,90.56,atm_withdrawal,SG,False,False
txn_0000205,card_00766,2026-01-04T18:09:39Z,78.25,electronics,AE,True,False
txn_0000206,card_00896,2026-01-22T08:25:08Z,118.13,travel,IN,False,False
txn_0000207,card_00189,2026-01-17T19:42:00Z,160.89,pharmacy,AE,False,False
txn_0000208,card_00726,2026-01-30T07:03:53Z,12.3,restaurant,DE,True,False
txn_0000209,card_00540,2026-01-20T11:37:10Z,78.03,travel,IN,False,False
txn_0000210,card_00010,2026-01-14T00:24:10Z,32.37,atm_withdrawal,AE,False,False
txn_0000211,card_00656,2026-01-04T00:41:41Z,92.57,grocery,IN,True,False
txn_0000212,card_00623,2026-01-21T07:29:20Z,101.46,online_retail,GB,True,False
txn_0000213,card_00826,2026-01-27T14:32:19Z,145.82,travel,IN,True,False
txn_0000214,card_00564,2026-01-01T20:38:17Z,14.69,electronics,IN,True,False
txn_0000215,card_00377,2026-01-04T14:54:04Z,198.0,travel,AE,True,False
txn_0000216,card_00055,2026-01-30T14:08:38Z,17.78,atm_withdrawal,AE,True,False
txn_0000217,card_00666,2026-01-24T08:07:14Z,95.23,pharmacy,DE,False,False
txn_0000218,card_00457,2026-01-18T18:02:36Z,4.99,atm_withdrawal,AE,True,False
txn_0000219,card_00399,2026-01-11T08:27:16Z,23.33,fuel,SG,True,False
txn_0000220,card_00660,2026-01-01T04:21:01Z,116.57,fuel,DE,True,False
txn_0000221,card_00767,2026-01-13T13:34:44Z,19.92,restaurant,US,False,False
txn_0000222,card_00848,2026-01-19T11:24:59Z,75.33,restaurant,DE,False,False
txn_0000223,card_00585,2026-01-09T15:04:29Z,126.78,pharmacy,GB,True,False
txn_0000224,card_00501,2026-01-26T19:22:59Z,301.99,grocery,AE,False,False
txn_0000225,card_00385,2026-01-28T22:31:57Z,155.9,online_retail,IN,False,False
txn_0000226,card_00659,2026-01-18T19:23:08Z,34.24,grocery,IN,False,False
txn_0000227,card_00428,2026-01-27T14:39:01Z,18.11,online_retail,IN,True,False
txn_0000228,card_00191,2026-01-19T05:19:48Z,142.91,fuel,US,False,False
txn_0000229,card_00063,2026-01-28T04:22:20Z,386.04,travel,IN,True,False
txn_0000230,card_00834,2026-01-05T03:45:20Z,20.42,atm_withdrawal,SG,True,False
txn_0000231,card_00672,2026-01-10T15:22:38Z,25.36,electronics,US,False,False
txn_0000232,card_00404,2026-01-09T11:38:32Z,153.87,utilities,SG,False,False
txn_0000233,card_00783,2026-01-19T09:38:28Z,488.69,pharmacy,US,False,False
txn_0000234,card_00347,2026-01-01T05:21:10Z,3.46,atm_withdrawal,AE,True,False
txn_0000235,card_00810,2026-01-24T22:20:02Z,291.5,grocery,DE,False,True
txn_0000236,card_00665,2026-01-28T02:19:38Z,192.45,entertainment,SG,False,False
txn_0000237,card_00530,2026-01-11T09:42:43Z,195.49,grocery,GB,True,False
txn_0000238,card_00717,2026-01-02T02:44:21Z,268.64,atm_withdrawal,US,False,False
txn_0000239,card_00516,2026-01-18T15:11:03Z,94.82,online_retail,IN,False,False
txn_0000240,card_00248,2026-01-24T09:01:19Z,86.94,electronics,SG,False,False
txn_0000241,card_00336,2026-01-26T19:10:52Z,437.74,restaurant,SG,True,False
txn_0000242,card_00144,2026-01-14T01:56:12Z,79.51,fuel,AE,False,False
txn_0000243,card_00404,2026-01-11T13:28:15Z,162.52,online_retail,GB,True,False
txn_0000244,card_00789,2026-01-25T03:45:14Z,320.82,online_retail,AE,False,True
txn_0000245,card_00806,2026-01-05T23:12:35Z,445.24,fuel,AE,False,False
txn_0000246,card_00205,2026-01-21T01:27:25Z,610.95,travel,AE,False,False
txn_0000247,card_00152,2026-01-08T17:23:06Z,30.97,fuel,AE,True,False
txn_0000248,card_00048,2026-01-01T16:33:16Z,34.98,electronics,GB,True,False
txn_0000249,card_00782,2026-01-12T06:31:46Z,110.9,entertainment,DE,True,False
txn_0000250,card_00294,2026-01-14T17:26:31Z,507.09,fuel,AE,True,False
txn_0000251,card_00488,2026-01-14T07:05:42Z,17.28,restaurant,AE,True,False
txn_0000252,card_00874,2026-01-11T07:05:59Z,57.7,travel,US,False,False
txn_0000253,card_00841,2026-01-12T12:15:12Z,20.91,entertainment,GB,True,False
txn_0000254,card_00300,2026-01-07T19:48:23Z,84.05,fuel,AE,False,False
txn_0000255,card_00862,2026-01-23T02:45:15Z,62.6,grocery,DE,True,False
txn_0000256,card_00510,2026-01-30T04:23:23Z,37.66,electronics,IN,True,False
txn_0000257,card_00436,2026-01-15T23:20:01Z,328.97,electronics,DE,False,False
txn_0000258,card_00340,2026-01-30T03:23:04Z,109.92,travel,GB,True,False
txn_0000259,card_00247,2026-01-22T10:07:12Z,139.54,travel,DE,True,False
txn_0000260,card_00093,2026-01-25T23:37:28Z,13.34,atm_withdrawal,IN,False,False
txn_0000261,card_00422,2026-01-14T13:35:40Z,32.11,travel,DE,True,False
txn_0000262,card_00290,2026-01-19T22:11:00Z,72.74,grocery,SG,False,False
txn_0000263,card_00728,2026-01-04T00:55:13Z,38.95,restaurant,GB,True,False
txn_0000264,card_00428,2026-01-30T22:47:34Z,90.46,grocery,DE,True,False
txn_0000265,card_00120,2026-01-06T06:42:39Z,709.27,pharmacy,DE,True,False
txn_0000266,card_00102,2026-01-12T10:55:04Z,19.22,restaurant,IN,False,False
txn_0000267,card_00781,2026-01-22T11:11:12Z,338.15,atm_withdrawal,DE,False,False
txn_0000268,card_00650,2026-01-09T13:29:48Z,184.89,restaurant,SG,False,False
txn_0000269,card_00752,2026-01-10T14:15:26Z,40.06,utilities,DE,True,False
txn_0000270,card_00522,2026-01-22T07:39:47Z,52.55,entertainment,SG,False,False
txn_0000271,card_00158,2026-01-05T16:46:59Z,108.13,electronics,DE,True,False
txn_0000272,card_00437,2026-01-25T06:47:17Z,20.66,restaurant,IN,True,False
txn_0000273,card_00660,2026-01-25T22:15:28Z,19.33,utilities,US,False,False
txn_0000274,card_00816,2026-01-30T22:06:46Z,53.13,utilities,GB,True,False
txn_0000275,card_00830,2026-01-12T17:51:39Z,33.95,atm_withdrawal,AE,False,False
txn_0000276,card_00745,2026-01-04T17:32:03Z,88.76,fuel,DE,True,False
txn_0000277,card_00570,2026-01-03T21:31:55Z,63.37,electronics,AE,False,False
txn_0000278,card_00033,2026-01-17T01:29:55Z,30.35,online_retail,IN,False,False
txn_0000279,card_00459,2026-01-17T05:27:18Z,10.86,travel,DE,False,False
txn_0000280,card_00187,2026-01-20T10:27:22Z,84.25,fuel,SG,False,False
txn_0000281,card_00577,2026-01-24T02:12:59Z,107.66,atm_withdrawal,DE,False,False
txn_0000282,card_00740,2026-01-29T16:51:42Z,460.84,fuel,IN,True,False
txn_0000283,card_00528,2026-01-17T21:12:05Z,60.51,travel,SG,True,False
txn_0000284,card_00593,2026-01-30T14:13:15Z,663.43,grocery,IN,True,False
txn_0000285,card_00326,2026-01-13T11:26:40Z,104.16,electronics,SG,False,False
txn_0000286,card_00564,2026-01-08T03:38:36Z,113.45,pharmacy,SG,True,False
txn_0000287,card_00232,2026-01-27T03:13:09Z,16.92,electronics,GB,False,False
txn_0000288,card_00265,2026-01-27T14:26:21Z,57.44,atm_withdrawal,SG,False,False
txn_0000289,card_00593,2026-01-03T08:30:27Z,150.95,electronics,US,False,False
txn_0000290,card_00193,2026-01-29T14:42:33Z,60.67,entertainment,DE,False,False
txn_0000291,card_00597,2026-01-02T07:31:28Z,223.22,travel,US,False,False
txn_0000292,card_00844,2026-01-10T17:55:36Z,71.82,grocery,DE,True,False
txn_0000293,card_00172,2026-01-24T08:20:41Z,25.74,fuel,SG,False,False
txn_0000294,card_00752,2026-01-18T22:56:39Z,107.56,travel,IN,True,False
txn_0000295,card_00303,2026-01-03T21:32:41Z,27.24,utilities,SG,True,False
txn_0000296,card_00074,2026-01-16T09:13:25Z,17.24,online_retail,DE,True,False
txn_0000297,card_00377,2026-01-02T13:27:58Z,86.8,grocery,US,False,False
txn_0000298,card_00808,2026-01-05T06:29:34Z,95.23,online_retail,US,True,False
txn_0000299,card_00198,2026-01-06T01:19:39Z,1731.91,travel,GB,False,False
txn_0000300,card_00773,2026-01-19T13:13:27Z,379.72,travel,IN,False,False
txn_0000301,card_00856,2026-01-25T07:56:24Z,7.98,restaurant,IN,False,False
txn_0000302,card_00724,2026-01-13T13:38:48Z,1600.4,travel,US,True,False
txn_0000303,card_00743,2026-01-11T20:32:57Z,39.89,pharmacy,DE,True,False
txn_0000304,card_00450,2026-01-14T05:04:44Z,283.84,fuel,AE,True,False
txn_0000305,card_00018,2026-01-29T07:27:27Z,98.73,online_retail,AE,True,False
txn_0000306,card_00266,2026-01-13T01:31:08Z,78.39,entertainment,AE,False,False
txn_0000307,card_00410,2026-01-29T21:24:24Z,46.54,restaurant,US,False,False
txn_0000308,card_00126,2026-01-10T23:32:29Z,18.2,restaurant,GB,True,False
txn_0000309,card_00640,2026-01-17T22:46:28Z,25.18,entertainment,SG,False,False
txn_0000310,card_00068,2026-01-02T03:40:53Z,41.88,electronics,SG,False,False
txn_0000311,card_00520,2026-01-19T18:00:40Z,142.6,utilities,SG,True,False
txn_0000312,card_00448,2026-01-04T13:47:16Z,20.69,electronics,GB,True,False
txn_0000313,card_00082,2026-01-15T17:03:03Z,40.29,online_retail,IN,False,False
txn_0000314,card_00073,2026-01-10T13:19:49Z,16.57,travel,GB,False,False
txn_0000315,card_00207,2026-01-13T13:35:36Z,183.17,utilities,SG,True,False
txn_0000316,card_00259,2026-01-01T12:28:52Z,80.73,travel,GB,True,False
txn_0000317,card_00250,2026-01-05T17:26:23Z,284.2,atm_withdrawal,DE,False,False
txn_0000318,card_00668,2026-01-25T20:10:43Z,108.77,electronics,AE,False,False
txn_0000319,card_00195,2026-01-04T12:34:19Z,62.82,electronics,SG,False,False
txn_0000320,card_00528,2026-01-17T04:11:15Z,35.21,fuel,US,True,False
txn_0000321,card_00555,2026-01-26T01:57:13Z,54.3,atm_withdrawal,IN,False,False
txn_0000322,card_00596,2026-01-17T18:55:14Z,9.73,pharmacy,DE,False,False
txn_0000323,card_00895,2026-01-16T22:42:27Z,130.56,pharmacy,AE,True,False
txn_0000324,card_00845,2026-01-24T21:01:16Z,1068.8,grocery,US,False,False
txn_0000325,card_00483,2026-01-19T12:05:09Z,128.93,pharmacy,SG,True,False
txn_0000326,card_00479,2026-01-24T07:48:25Z,49.54,pharmacy,AE,False,False
txn_0000327,card_00448,2026-01-20T19:37:17Z,261.61,utilities,US,False,False
txn_0000328,card_00829,2026-01-23T13:13:19Z,14.5,online_retail,AE,True,False
txn_0000329,card_00590,2026-01-24T09:40:03Z,444.71,restaurant,GB,True,False
txn_0000330,card_00861,2026-01-01T12:14:54Z,8.84,restaurant,GB,True,False
txn_0000331,card_00739,2026-01-18T03:36:17Z,131.75,online_retail,AE,True,False
txn_0000332,card_00493,2026-01-21T00:34:11Z,30.36,electronics,IN,True,False
txn_0000333,card_00356,2026-01-14T23:59:30Z,25.14,electronics,US,True,False
txn_0000334,card_00476,2026-01-23T12:53:06Z,48.92,pharmacy,AE,True,False
txn_0000335,card_00850,2026-01-01T01:29:32Z,334.91,entertainment,US,False,False
txn_0000336,card_00079,2026-01-04T08:27:01Z,424.39,electronics,DE,False,False
txn_0000337,card_00300,2026-01-11T07:30:34Z,68.0,grocery,AE,False,False
txn_0000338,card_00089,2026-01-29T21:29:31Z,196.69,online_retail,US,False,False
txn_0000339,card_00618,2026-01-30T06:45:45Z,100.28,electronics,US,True,False
txn_0000340,card_00778,2026-01-16T12:45:01Z,139.77,electronics,GB,True,False
txn_0000341,card_00376,2026-01-07T12:44:50Z,144.24,travel,SG,False,False
txn_0000342,card_00240,2026-01-03T22:34:54Z,76.17,grocery,US,True,False
txn_0000343,card_00222,2026-01-16T05:46:17Z,40.99,restaurant,SG,False,False
txn_0000344,card_00708,2026-01-02T13:42:15Z,32.3,restaurant,US,True,False
txn_0000345,card_00013,2026-01-11T02:45:33Z,63.35,utilities,SG,False,False
txn_0000346,card_00847,2026-01-30T17:50:57Z,20.65,restaurant,SG,True,False
txn_0000347,card_00458,2026-01-14T17:20:06Z,192.39,pharmacy,US,True,False
txn_0000348,card_00180,2026-01-13T10:43:50Z,123.86,grocery,AE,True,False
txn_0000349,card_00489,2026-01-30T10:08:10Z,51.56,electronics,US,True,False
txn_0000350,card_00855,2026-01-24T06:08:20Z,364.83,electronics,SG,False,False
txn_0000351,card_00139,2026-01-15T12:49:46Z,85.96,online_retail,US,True,False
txn_0000352,card_00272,2026-01-11T12:57:50Z,48.68,atm_withdrawal,US,False,False
txn_0000353,card_00097,2026-01-10T06:20:04Z,8.05,restaurant,SG,True,False
txn_0000354,card_00323,2026-01-04T05:41:29Z,143.85,online_retail,DE,True,False
txn_0000355,card_00237,2026-01-24T19:15:13Z,10.02,pharmacy,GB,False,False
txn_0000356,card_00328,2026-01-18T16:23:20Z,433.37,pharmacy,IN,False,False
txn_0000357,card_00451,2026-01-08T21:27:01Z,56.73,travel,AE,True,False
txn_0000358,card_00217,2026-01-01T23:54:55Z,52.04,utilities,US,True,False
txn_0000359,card_00254,2026-01-25T13:59:23Z,8.69,entertainment,AE,False,False
txn_0000360,card_00088,2026-01-25T23:44:45Z,13.02,grocery,DE,False,False
txn_0000361,card_00431,2026-01-22T16:57:48Z,80.76,online_retail,SG,False,False
txn_0000362,card_00454,2026-01-23T02:03:15Z,389.92,pharmacy,DE,False,True
txn_0000363,card_00688,2026-01-30T17:36:39Z,38.79,atm_withdrawal,SG,False,False
txn_0000364,card_00368,2026-01-16T06:21:49Z,123.6,fuel,IN,False,False
txn_0000365,card_00283,2026-01-07T02:20:13Z,40.75,entertainment,IN,True,False
txn_0000366,card_00760,2026-01-27T18:38:40Z,54.63,travel,SG,False,False
txn_0000367,card_00426,2026-01-16T04:21:19Z,73.61,entertainment,US,True,False
txn_0000368,card_00708,2026-01-20T14:28:16Z,51.34,atm_withdrawal,SG,True,False
txn_0000369,card_00415,2026-01-28T20:39:58Z,56.37,pharmacy,SG,True,False
txn_0000370,card_00622,2026-01-24T19:49:35Z,17.57,fuel,AE,True,False
txn_0000371,card_00035,2026-01-13T13:20:16Z,324.09,online_retail,AE,True,False
txn_0000372,card_00547,2026-01-23T15:20:58Z,37.57,atm_withdrawal,US,False,False
txn_0000373,card_00256,2026-01-04T16:21:34Z,331.71,entertainment,GB,False,False
txn_0000374,card_00660,2026-01-03T07:11:30Z,190.79,fuel,DE,True,False
txn_0000375,card_00383,2026-01-03T02:32:14Z,40.65,fuel,US,False,False
txn_0000376,card_00356,2026-01-29T18:02:49Z,9.84,entertainment,US,True,False
txn_0000377,card_00793,2026-01-20T19:03:41Z,67.21,atm_withdrawal,SG,True,False
txn_0000378,card_00106,2026-01-21T14:28:32Z,286.05,restaurant,IN,False,False
txn_0000379,card_00248,2026-01-17T13:24:39Z,52.58,travel,AE,False,False
txn_0000380,card_00247,2026-01-25T03:27:39Z,486.15,fuel,SG,False,False
txn_0000381,card_00710,2026-01-27T18:16:31Z,210.97,pharmacy,DE,True,False
txn_0000382,card_00865,2026-01-09T05:41:46Z,632.07,travel,AE,True,True
txn_0000383,card_00843,2026-01-24T13:18:00Z,25.45,pharmacy,DE,False,False
txn_0000384,card_00411,2026-01-24T16:22:04Z,54.28,fuel,SG,False,False
txn_0000385,card_00389,2026-01-27T21:35:18Z,213.0,pharmacy,IN,False,False
txn_0000386,card_00735,2026-01-09T10:19:05Z,13.11,travel,IN,False,False
txn_0000387,card_00279,2026-01-06T18:29:54Z,101.11,restaurant,GB,True,False
txn_0000388,card_00741,2026-01-16T19:38:21Z,86.15,fuel,AE,True,False
txn_0000389,card_00434,2026-01-08T11:16:45Z,144.25,grocery,US,True,False
txn_0000390,card_00233,2026-01-30T13:49:19Z,67.82,electronics,AE,True,False
txn_0000391,card_00059,2026-01-08T01:54:07Z,121.43,atm_withdrawal,US,True,False
txn_0000392,card_00273,2026-01-20T05:43:46Z,76.53,entertainment,AE,False,False
txn_0000393,card_00749,2026-01-12T07:52:33Z,126.03,atm_withdrawal,IN,True,False
txn_0000394,card_00787,2026-01-27T22:35:55Z,121.32,fuel,GB,True,False
txn_0000395,card_00130,2026-01-28T10:49:24Z,21.71,atm_withdrawal,US,False,False
txn_0000396,card_00480,2026-01-02T13:02:56Z,5.33,pharmacy,IN,True,False
txn_0000397,card_00693,2026-01-10T16:10:53Z,44.81,travel,SG,True,True
txn_0000398,card_00283,2026-01-27T17:00:13Z,10.66,atm_withdrawal,SG,True,False
txn_0000399,card_00594,2026-01-03T02:13:57Z,36.79,pharmacy,GB,True,False
txn_0000400,card_00110,2026-01-24T00:33:06Z,205.28,utilities,IN,False,False
txn_0000401,card_00231,2026-01-14T09:05:20Z,241.53,grocery,US,True,False
txn_0000402,card_00743,2026-01-17T09:13:10Z,52.98,electronics,SG,False,False
txn_0000403,card_00853,2026-01-27T09:41:27Z,102.9,travel,GB,True,False
txn_0000404,card_00487,2026-01-30T14:56:25Z,39.56,pharmacy,SG,False,False
txn_0000405,card_00541,2026-01-25T08:44:47Z,209.06,utilities,GB,False,False
txn_0000406,card_00509,2026-01-14T14:23:31Z,8.41,online_retail,SG,True,False
txn_0000407,card_00740,2026-01-06T06:17:53Z,254.24,online_retail,SG,False,False
txn_0000408,card_00394,2026-01-02T02:46:37Z,10.74,atm_withdrawal,US,False,False
txn_0000409,card_00510,2026-01-27T07:28:55Z,36.23,entertainment,AE,True,False
txn_0000410,card_00868,2026-01-12T17:51:52Z,300.64,entertainment,AE,True,False
txn_0000411,card_00845,2026-01-04T14:16:40Z,13.98,restaurant,AE,True,False
txn_0000412,card_00282,2026-01-19T12:48:13Z,359.71,fuel,IN,True,False
txn_0000413,card_00099,2026-01-16T09:29:15Z,90.93,atm_withdrawal,IN,False,False
txn_0000414,card_00773,2026-01-29T21:49:58Z,182.76,grocery,IN,True,False
txn_0000415,card_00619,2026-01-21T07:32:59Z,68.35,travel,IN,True,False
txn_0000416,card_00770,2026-01-10T14:41:22Z,91.45,pharmacy,SG,False,False
txn_0000417,card_00196,2026-01-11T21:48:29Z,179.15,restaurant,AE,True,False
txn_0000418,card_00555,2026-01-18T19:18:57Z,41.14,pharmacy,SG,True,False
txn_0000419,card_00005,2026-01-09T16:03:27Z,179.92,grocery,AE,False,False
txn_0000420,card_00622,2026-01-10T20:02:59Z,33.53,atm_withdrawal,DE,False,False
txn_0000421,card_00303,2026-01-11T19:47:22Z,141.64,restaurant,GB,False,False
txn_0000422,card_00431,2026-01-20T04:20:21Z,30.41,grocery,IN,True,False
txn_0000423,card_00254,2026-01-08T02:41:33Z,75.46,pharmacy,GB,False,False
txn_0000424,card_00770,2026-01-17T15:01:46Z,201.41,pharmacy,IN,False,False
txn_0000425,card_00284,2026-01-12T07:24:53Z,18.92,atm_withdrawal,IN,False,False
txn_0000426,card_00840,2026-01-11T16:15:50Z,92.53,grocery,GB,True,False
txn_0000427,card_00439,2026-01-19T11:52:03Z,56.46,atm_withdrawal,SG,False,False
txn_0000428,card_00333,2026-01-15T00:41:46Z,38.26,grocery,IN,False,False
txn_0000429,card_00634,2026-01-04T01:37:59Z,115.21,atm_withdrawal,US,True,False
txn_0000430,card_00348,2026-01-22T10:25:10Z,49.44,fuel,AE,False,False
txn_0000431,card_00476,2026-01-02T08:27:06Z,85.34,pharmacy,SG,True,False
txn_0000432,card_00238,2026-01-23T01:44:55Z,256.6,electronics,AE,True,False
txn_0000433,card_00129,2026-01-09T00:03:53Z,51.36,restaurant,GB,False,False
txn_0000434,card_00461,2026-01-26T14:19:46Z,16.6,restaurant,US,False,False
txn_0000435,card_00577,2026-01-09T20:52:13Z,64.74,atm_withdrawal,SG,True,False
txn_0000436,card_00730,2026-01-06T17:12:52Z,64.62,pharmacy,US,False,False
txn_0000437,card_00007,2026-01-15T23:10:20Z,324.42,travel,US,True,False
txn_0000438,card_00573,2026-01-11T13:33:18Z,28.98,entertainment,IN,False,False
txn_0000439,card_00561,2026-01-12T22:50:49Z,67.07,electronics,AE,False,False
txn_0000440,card_00616,2026-01-06T18:10:53Z,52.77,utilities,AE,True,False
txn_0000441,card_00228,2026-01-26T16:47:50Z,18.09,fuel,US,False,False
txn_0000442,card_00056,2026-01-10T07:25:11Z,16.15,utilities,AE,True,False
txn_0000443,card_00417,2026-01-30T05:53:11Z,17.58,atm_withdrawal,SG,True,False
txn_0000444,card_00661,2026-01-19T21:14:33Z,325.18,restaurant,GB,False,False
txn_0000445,card_00304,2026-01-27T23:50:23Z,22.72,fuel,IN,True,False
txn_0000446,card_00619,2026-01-29T09:08:10Z,48.29,grocery,DE,False,False
txn_0000447,card_00066,2026-01-05T07:12:44Z,187.62,pharmacy,IN,True,False
txn_0000448,card_00119,2026-01-30T11:00:15Z,237.95,pharmacy,IN,True,False
txn_0000449,card_00010,2026-01-07T14:07:32Z,227.5,online_retail,US,True,False
txn_0000450,card_00123,2026-01-29T15:43:32Z,12.01,pharmacy,SG,True,False
txn_0000451,card_00418,2026-01-11T11:51:31Z,37.95,travel,GB,False,False
txn_0000452,card_00425,2026-01-15T14:48:23Z,163.17,grocery,AE,True,False
txn_0000453,card_00099,2026-01-07T01:52:15Z,31.29,grocery,DE,True,False
txn_0000454,card_00393,2026-01-11T10:18:19Z,148.13,travel,SG,True,False
txn_0000455,card_00899,2026-01-22T06:33:51Z,84.56,fuel,DE,False,False
txn_0000456,card_00691,2026-01-08T00:52:29Z,85.16,restaurant,AE,True,False
txn_0000457,card_00823,2026-01-15T23:50:00Z,614.26,travel,DE,True,False
txn_0000458,card_00199,2026-01-19T22:53:37Z,66.88,electronics,GB,True,False
txn_0000459,card_00599,2026-01-09T04:31:11Z,87.72,fuel,AE,True,True
txn_0000460,card_00084,2026-01-17T21:08:10Z,12.48,entertainment,SG,False,False
txn_0000461,card_00867,2026-01-09T21:23:51Z,29.97,fuel,IN,False,False
txn_0000462,card_00425,2026-01-14T11:18:31Z,91.85,travel,AE,False,False
txn_0000463,card_00006,2026-01-04T15:22:05Z,155.76,utilities,SG,True,False
txn_0000464,card_00671,2026-01-10T01:11:12Z,32.89,restaurant,GB,False,False
txn_0000465,card_00463,2026-01-17T09:44:29Z,64.44,electronics,US,True,False
txn_0000466,card_00806,2026-01-19T06:54:17Z,32.38,travel,IN,False,False
txn_0000467,card_00189,2026-01-12T19:33:55Z,37.79,utilities,DE,True,False
txn_0000468,card_00655,2026-01-28T07:19:59Z,95.77,fuel,IN,True,False
txn_0000469,card_00618,2026-01-01T10:50:01Z,487.04,online_retail,DE,False,False
txn_0000470,card_00373,2026-01-19T00:53:28Z,381.27,electronics,SG,True,False
txn_0000471,card_00163,2026-01-14T22:05:24Z,32.9,utilities,DE,False,False
txn_0000472,card_00293,2026-01-17T13:17:38Z,10.57,travel,GB,True,False
txn_0000473,card_00504,2026-01-12T21:31:42Z,127.14,atm_withdrawal,GB,True,False
txn_0000474,card_00099,2026-01-23T10:42:39Z,43.9,travel,SG,False,False
txn_0000475,card_00193,2026-01-05T23:06:29Z,187.66,fuel,DE,False,False
txn_0000476,card_00182,2026-01-21T17:23:08Z,22.35,online_retail,DE,False,False
txn_0000477,card_00174,2026-01-07T23:53:10Z,100.77,utilities,GB,True,False
txn_0000478,card_00287,2026-01-22T06:16:37Z,50.04,entertainment,DE,True,False
txn_0000479,card_00788,2026-01-09T18:49:07Z,114.16,restaurant,SG,False,False
txn_0000480,card_00069,2026-01-12T23:39:43Z,377.75,online_retail,IN,True,False
txn_0000481,card_00399,2026-01-12T08:29:48Z,1312.54,grocery,SG,True,False
txn_0000482,card_00022,2026-01-27T13:27:07Z,81.18,grocery,US,True,True
txn_0000483,card_00787,2026-01-10T14:30:51Z,88.31,electronics,SG,True,False
txn_0000484,card_00115,2026-01-24T19:23:26Z,52.96,travel,US,False,False
txn_0000485,card_00577,2026-01-05T10:13:56Z,72.16,travel,SG,True,False
txn_0000486,card_00612,2026-01-18T10:19:08Z,49.49,travel,IN,True,False
txn_0000487,card_00230,2026-01-20T05:27:23Z,46.01,atm_withdrawal,GB,True,False
txn_0000488,card_00502,2026-01-07T16:26:19Z,88.57,utilities,SG,False,False
txn_0000489,card_00803,2026-01-27T22:24:59Z,607.06,fuel,IN,False,False
txn_0000490,card_00774,2026-01-18T21:51:48Z,302.36,travel,GB,False,False
txn_0000491,card_00108,2026-01-25T07:07:38Z,39.57,utilities,IN,False,False
txn_0000492,card_00323,2026-01-24T03:45:41Z,53.92,online_retail,SG,False,False
txn_0000493,card_00001,2026-01-13T05:04:30Z,129.13,pharmacy,GB,True,False
txn_0000494,card_00529,2026-01-02T15:12:10Z,93.7,fuel,SG,True,False
txn_0000495,card_00746,2026-01-18T05:51:13Z,63.18,fuel,GB,True,False
txn_0000496,card_00202,2026-01-20T12:56:03Z,425.06,grocery,AE,False,True
txn_0000497,card_00645,2026-01-24T04:41:58Z,20.0,atm_withdrawal,DE,False,False
txn_0000498,card_00689,2026-01-25T22:41:00Z,61.84,grocery,US,True,False
txn_0000499,card_00095,2026-01-30T08:57:51Z,12.43,fuel,DE,True,False
