transaction_id,card_id,timestamp,amount,merchant_category,country,card_present,is_fraud
txn_0000000,card_00096,2026-01-27T22:04:44Z,44.16,grocery,GB,True,False
txn_0000001,card_00226,2026-01-11T23:24:21Z,234.55,fuel,SG,False,False
txn_0000002,card_00351,2026-01-04T02:51:57Z,49.95,pharmacy,SG,False,False
txn_0000003,card_00212,2026-01-12T20:53:55Z,32.69,travel,DE,True,False
txn_0000004,card_00833,2026-01-27T16:40:22Z,62.52,fuel,GB,True,False
txn_0000005,card_00224,2026-01-28T18:31:59Z,11.29,atm_withdrawal,DE,True,False
txn_0000006,card_00231,2026-01-21T00:05:59Z,40.2,pharmacy,AE,True,False
txn_0000007,card_00439,2026-01-23T10:51:00Z,157.46,grocery,US,False,False
txn_0000008,card_00373,2026-01-03T18:34:24Z,45.84,grocery,GB,True,False
txn_0000009,card_00694,2026-01-17T18:04:42Z,65.63,pharmacy,US,True,False
txn_0000010,card_00726,2026-01-01T01:44:05Z,189.7,fuel,US,True,False
txn_0000011,card_00124,2026-01-01T15:16:16Z,216.32,fuel,SG,True,False
txn_0000012,card_00417,2026-01-14T06:21:38Z,143.39,electronics,US,False,False
txn_0000013,card_00023,2026-01-13T01:14:04Z,17.86,atm_withdrawal,US,True,False
txn_0000014,card_00643,2026-01-30T13:26:55Z,128.63,atm_withdrawal,IN,False,False
txn_0000015,card_00193,2026-01-25T14:20:28Z,247.3,travel,US,True,False
txn_0000016,card_00431,2026-01-02T08:02:21Z,26.63,online_retail,AE,True,False
txn_0000017,card_00755,2026-01-09T18:10:01Z,40.9,atm_withdrawal,SG,True,False
txn_0000018,card_00871,2026-01-07T10:48:13Z,46.86,online_retail,DE,True,False
txn_0000019,card_00415,2026-01-12T11:23:39Z,71.56,pharmacy,US,False,False
txn_0000020,card_00227,2026-01-13T15:49:06Z,57.87,pharmacy,SG,False,False
txn_0000021,card_00201,2026-01-19T22:03:51Z,129.57,entertainment,DE,False,False
txn_0000022,card_00658,2026-01-19T16:57:48Z,25.83,entertainment,GB,True,False
txn_0000023,card_00240,2026-01-13T12:02:45Z,18.78,restaurant,AE,False,False
txn_0000024,card_00819,2026-01-06T14:43:36Z,57.29,fuel,IN,True,False
txn_0000025,card_00106,2026-01-18T06:35:05Z,8.8,travel,DE,False,False
txn_0000026,card_00189,2026-01-20T03:44:08Z,36.59,travel,DE,True,False
txn_0000027,card_00602,2026-01-21T05:59:15Z,313.18,entertainment,GB,True,False
txn_0000028,card_00248,2026-01-19T04:58:29Z,36.91,electronics,SG,True,False
txn_0000029,card_00748,2026-01-12T10:04:16Z,371.49,fuel,IN,True,True
txn_0000030,card_00606,2026-01-10T23:49:09Z,99.48,entertainment,AE,False,False
txn_0000031,card_00857,2026-01-03T10:57:42Z,366.55,atm_withdrawal,US,False,False
txn_0000032,card_00584,2026-01-10T13:23:35Z,555.9,atm_withdrawal,SG,False,False
txn_0000033,card_00701,2026-01-15T09:55:13Z,108.8,pharmacy,US,True,False
txn_0000034,card_00135,2026-01-03T03:42:37Z,170.59,grocery,GB,True,False
txn_0000035,card_00833,2026-01-22T05:54:09Z,88.73,fuel,SG,True,False
txn_0000036,card_00017,2026-01-11T03:52:30Z,83.45,entertainment,US,True,False
txn_0000037,card_00016,2026-01-15T07:30:09Z,41.12,fuel,AE,True,False
txn_0000038,card_00292,2026-01-04T12:32:07Z,54.97,entertainment,IN,False,False
txn_0000039,card_00078,2026-01-04T12:13:34Z,131.84,travel,SG,False,False
txn_0000040,card_00871,2026-01-27T10:13:17Z,361.04,travel,DE,False,False
txn_0000041,card_00498,2026-01-01T20:37:59Z,16.68,travel,AE,True,False
txn_0000042,card_00782,2026-01-14T00:15:35Z,12.39,restaurant,AE,True,False
txn_0000043,card_00408,2026-01-09T11:39:02Z,17.5,utilities,GB,False,False
txn_0000044,card_00313,2026-01-11T15:36:11Z,72.52,entertainment,IN,True,False
txn_0000045,card_00420,2026-01-07T21:37:50Z,125.47,pharmacy,SG,True,False
txn_0000046,card_00748,2026-01-26T04:25:55Z,106.04,atm_withdrawal,IN,True,False
txn_0000047,card_00862,2026-01-15T07:04:52Z,19.56,electronics,AE,True,False
txn_0000048,card_00713,2026-01-22T02:18:23Z,130.21,utilities,IN,False,False
txn_0000049,card_00488,2026-01-09T23:32:58Z,32.1,atm_withdrawal,DE,False,False
txn_0000050,card_00609,2026-01-08T23:44:51Z,60.38,online_retail,AE,True,False
txn_0000051,card_00749,2026-01-12T04:08:21Z,104.86,fuel,GB,False,False
txn_0000052,card_00360,2026-01-23T02:10:55Z,96.46,travel,AE,True,False
txn_0000053,card_00383,2026-01-02T16:19:58Z,12.38,online_retail,US,True,False
txn_0000054,card_00094,2026-01-20T01:13:02Z,1057.88,pharmacy,SG,False,False
txn_0000055,card_00756,2026-01-01T03:21:49Z,128.64,utilities,AE,True,False
txn_0000056,card_00863,2026-01-23T21:39:34Z,51.24,online_retail,DE,True,False
txn_0000057,card_00445,2026-01-30T03:53:14Z,36.03,travel,US,True,False
txn_0000058,card_00896,2026-01-08T20:14:42Z,26.06,restaurant,IN,False,False
txn_0000059,card_00550,2026-01-10T22:56:15Z,185.8,pharmacy,US,True,False
txn_0000060,card_00370,2026-01-12T12:15:46Z,23.82,travel,DE,False,False
txn_0000061,card_00547,2026-01-30T04:44:59Z,69.61,travel,AE,False,False
txn_0000062,card_00361,2026-01-12T02:36:42Z,6.45,atm_withdrawal,DE,True,False
txn_0000063,card_00687,2026-01-28T00:44:53Z,31.2,grocery,IN,True,False
txn_0000064,card_00461,2026-01-03T21:08:40Z,71.51,grocery,DE,False,False
txn_0000065,card_00693,2026-01-03T04:19:02Z,392.92,fuel,GB,True,False
txn_0000066,card_00418,2026-01-21T11:45:08Z,58.12,atm_withdrawal,SG,False,False
txn_0000067,card_00708,2026-01-22T17:51:25Z,29.56,online_retail,US,True,False
txn_0000068,card_00192,2026-01-19T10:51:18Z,78.13,travel,US,True,False
txn_0000069,card_00493,2026-01-08T22:10:35Z,71.99,utilities,DE,False,False
txn_0000070,card_00216,2026-01-28T09:50:56Z,65.17,atm_withdrawal,DE,True,False
txn_0000071,card_00432,2026-01-20T16:28:30Z,30.38,atm_withdrawal,US,True,False
txn_0000072,card_00554,2026-01-21T20:23:02Z,58.04,grocery,SG,True,False
txn_0000073,card_00044,2026-01-26T09:28:41Z,282.56,grocery,GB,False,False
txn_0000074,card_00145,2026-01-10T08:48:48Z,103.72,fuel,SG,False,False
txn_0000075,card_00776,2026-01-26T19:44:04Z,113.57,electronics,DE,False,False
txn_0000076,card_00159,2026-01-19T05:57:51Z,5.08,entertainment,US,True,False
txn_0000077,card_00396,2026-01-11T03:34:28Z,47.62,fuel,SG,True,False
txn_0000078,card_00841,2026-01-07T11:54:50Z,265.22,entertainment,DE,False,False
txn_0000079,card_00705,2026-01-03T09:08:04Z,246.71,fuel,GB,True,False
txn_0000080,card_00059,2026-01-13T19:34:18Z,334.81,fuel,IN,True,False
txn_0000081,card_00264,2026-01-16T17:27:44Z,149.01,travel,SG,False,False
txn_0000082,card_00422,2026-01-24T03:22:30Z,122.34,travel,IN,True,False
txn_0000083,card_00502,2026-01-12T17:30:44Z,26.67,entertainment,AE,True,False
txn_0000084,card_00645,2026-01-14T18:25:38Z,214.57,utilities,IN,False,False
txn_0000085,card_00607,2026-01-11T20:45:06Z,42.65,restaurant,US,False,False
txn_0000086,card_00387,2026-01-11T19:20:25Z,34.97,restaurant,AE,False,False
txn_0000087,card_00476,2026-01-03T22:43:56Z,22.04,restaurant,US,True,False
txn_0000088,card_00336,2026-01-15T00:16:33Z,9.72,restaurant,GB,False,False
txn_0000089,card_00885,2026-01-08T16:55:11Z,158.98,fuel,AE,False,False
txn_0000090,card_00618,2026-01-10T17:04:57Z,66.85,online_retail,AE,True,True
txn_0000091,card_00713,2026-01-20T22:52:14Z,17.68,online_retail,SG,True,False
txn_0000092,card_00300,2026-01-07T08:43:43Z,494.51,restaurant,DE,True,False
txn_0000093,card_00085,2026-01-01T01:00:40Z,52.44,entertainment,GB,True,False
txn_0000094,card_00052,2026-01-30T23:21:51Z,28.05,utilities,IN,True,False
txn_0000095,card_00598,2026-01-10T19:17:12Z,78.84,travel,AE,True,False
txn_0000096,card_00489,2026-01-12T04:45:06Z,97.28,atm_withdrawal,AE,True,False
txn_0000097,card_00203,2026-01-18T02:25:15Z,25.92,travel,US,False,False
txn_0000098,card_00193,2026-01-21T09:02:03Z,10.96,travel,IN,True,False
txn_0000099,card_00728,2026-01-18T10:29:28Z,28.94,pharmacy,AE,True,False
txn_0000100,card_00029,2026-01-22T23:29:49Z,231.43,atm_withdrawal,GB,False,False
txn_0000101,card_00712,2026-01-07T23:38:11Z,66.78,electronics,DE,True,False
txn_0000102,card_00585,2026-01-03T09:55:59Z,30.33,pharmacy,AE,False,False
txn_0000103,card_00052,2026-01-30T17:11:05Z,73.34,electronics,SG,False,False
txn_0000104,card_00313,2026-01-12T04:06:16Z,303.21,online_retail,SG,True,False
txn_0000105,card_00405,2026-01-09T14:58:52Z,16.5,grocery,DE,True,False
txn_0000106,card_00369,2026-01-15T15:35:33Z,61.8,grocery,US,False,False
txn_0000107,card_00386,2026-01-21T13:58:54Z,83.24,utilities,GB,False,False
txn_0000108,card_00667,2026-01-21T17:48:30Z,36.12,atm_withdrawal,DE,True,False
txn_0000109,card_00306,2026-01-23T13:54:22Z,99.27,utilities,US,True,False
txn_0000110,card_00538,2026-01-24T01:21:04Z,56.53,pharmacy,IN,False,False
txn_0000111,card_00042,2026-01-03T00:03:34Z,98.57,atm_withdrawal,DE,False,False
txn_0000112,card_00796,2026-01-04T17:04:08Z,81.06,entertainment,IN,False,False
txn_0000113,card_00114,2026-01-09T17:38:19Z,104.1,utilities,DE,False,False
txn_0000114,card_00206,2026-01-06T21:17:56Z,149.95,grocery,US,True,False
txn_0000115,card_00426,2026-01-19T02:27:31Z,27.05,restaurant,US,False,False
txn_0000116,card_00580,2026-01-20T14:18:42Z,387.59,atm_withdrawal,IN,False,False
txn_0000117,card_00527,2026-01-07T11:33:09Z,130.22,online_retail,SG,True,False
txn_0000118,card_00146,2026-01-28T05:01:44Z,94.92,entertainment,AE,False,False
txn_0000119,card_00179,2026-01-16T19:57:45Z,232.54,grocery,AE,False,False
txn_0000120,card_00364,2026-01-21T07:17:05Z,122.72,restaurant,SG,False,False
txn_0000121,card_00715,2026-01-23T14:07:20Z,22.56,electronics,IN,False,False
txn_0000122,card_00769,2026-01-14T17:56:44Z,132.0,pharmacy,SG,False,False
txn_0000123,card_00224,2026-01-01T09:58:48Z,164.26,fuel,AE,False,False
txn_0000124,card_00453,2026-01-05T02:02:25Z,12.64,restaurant,AE,False,False
txn_0000125,card_00540,2026-01-25T19:26:59Z,30.2,utilities,IN,False,False
txn_0000126,card_00279,2026-01-15T07:36:26Z,70.92,restaurant,IN,True,False
txn_0000127,card_00682,2026-01-25T03:44:57Z,5.3,utilities,GB,True,False
txn_0000128,card_00610,2026-01-03T20:04:48Z,38.04,fuel,US,False,False
txn_0000129,card_00583,2026-01-20T13:37:17Z,37.65,travel,DE,True,False
txn_0000130,card_00082,2026-01-07T12:19:04Z,222.36,utilities,US,False,False
txn_0000131,card_00013,2026-01-02T18:51:20Z,11.93,fuel,SG,False,False
txn_0000132,card_00557,2026-01-22T11:44:01Z,422.04,entertainment,SG,True,False
txn_0000133,card_00446,2026-01-19T10:24:01Z,564.93,restaurant,US,True,False
txn_0000134,card_00355,2026-01-01T23:56:56Z,114.51,restaurant,GB,True,False
txn_0000135,card_00186,2026-01-06T14:08:17Z,86.86,fuel,GB,False,False
txn_0000136,card_00786,2026-01-19T03:39:04Z,29.78,entertainment,AE,True,False
txn_0000137,card_00226,2026-01-24T21:27:44Z,131.2,fuel,GB,True,False
txn_0000138,card_00082,2026-01-06T10:07:33Z,39.26,online_retail,IN,True,False
txn_0000139,card_00313,2026-01-18T08:13:17Z,3.48,electronics,US,True,False
txn_0000140,card_00863,2026-01-02T10:59:49Z,238.1,atm_withdrawal,SG,False,False
txn_0000141,card_00767,2026-01-11T03:50:00Z,31.54,fuel,IN,True,False
txn_0000142,card_00509,2026-01-13T09:08:35Z,378.23,travel,IN,False,False
txn_0000143,card_00483,2026-01-16T10:15:09Z,193.96,fuel,SG,False,False
txn_0000144,card_00610,2026-01-12T14:41:54Z,121.32,restaurant,US,True,False
txn_0000145,card_00428,2026-01-24T18:47:20Z,60.59,grocery,GB,True,False
txn_0000146,card_00236,2026-01-02T23:38:58Z,113.89,restaurant,SG,True,False
txn_0000147,card_00074,2026-01-22T03:45:56Z,29.16,electronics,DE,True,False
txn_0000148,card_00295,2026-01-03T21:33:37Z,12.19,restaurant,US,False,False
txn_0000149,card_00705,2026-01-03T03:10:22Z,400.29,atm_withdrawal,DE,False,False
txn_0000150,card_00761,2026-01-04T05:49:12Z,38.42,fuel,GB,True,False
txn_0000151,card_00858,2026-01-16T13:34:51Z,332.13,grocery,AE,False,False
txn_0000152,card_00345,2026-01-11T12:44:58Z,90.36,online_retail,DE,True,False
txn_0000153,card_00385,2026-01-06T09:54:56Z,56.13,online_retail,US,False,False
txn_0000154,card_00619,2026-01-29T23:02:00Z,214.54,online_retail,DE,False,False
txn_0000155,card_00360,2026-01-09T22:34:20Z,42.53,entertainment,SG,False,False
txn_0000156,card_00184,2026-01-25T12:00:09Z,156.89,restaurant,GB,False,False
txn_0000157,card_00470,2026-01-22T11:47:54Z,79.91,atm_withdrawal,GB,False,False
txn_0000158,card_00732,2026-01-11T22:24:23Z,51.78,pharmacy,AE,True,False
txn_0000159,card_00201,2026-01-10T22:43:17Z,227.07,utilities,AE,False,False
txn_0000160,card_00826,2026-01-30T22:27:47Z,18.03,electronics,GB,True,False
txn_0000161,card_00742,2026-01-26T15:46:46Z,7.23,fuel,AE,True,False
txn_0000162,card_00733,2026-01-19T18:19:57Z,101.42,restaurant,DE,False,False
txn_0000163,card_00840,2026-01-19T06:01:54Z,30.42,utilities,IN,True,False
txn_0000164,card_00154,2026-01-15T04:59:10Z,147.79,entertainment,IN,True,False
txn_0000165,card_00161,2026-01-04T08:12:53Z,203.51,travel,GB,False,False
txn_0000166,card_00597,2026-01-28T10:22:26Z,59.79,fuel,AE,False,False
txn_0000167,card_00702,2026-01-10T17:21:31Z,355.45,restaurant,IN,True,True
txn_0000168,card_00487,2026-01-20T05:41:43Z,532.17,online_retail,IN,False,False
txn_0000169,card_00647,2026-01-15T01:44:06Z,67.93,pharmacy,US,False,False
txn_0000170,card_00686,2026-01-30T04:11:19Z,37.92,utilities,IN,False,False
txn_0000171,card_00688,2026-01-27T11:46:50Z,74.47,pharmacy,IN,True,False
txn_0000172,card_00816,2026-01-21T13:16:43Z,168.71,electronics,AE,False,False
txn_0000173,card_00809,2026-01-21T01:41:14Z,79.28,electronics,SG,False,False
txn_0000174,card_00028,2026-01-09T17:39:07Z,208.61,entertainment,AE,True,False
txn_0000175,card_00218,2026-01-08T17:57:21Z,5.82,atm_withdrawal,SG,True,False
txn_0000176,card_00115,2026-01-09T23:49:55Z,96.28,atm_withdrawal,GB,True,False
txn_0000177,card_00491,2026-01-09T19:33:33Z,57.57,travel,US,True,False
txn_0000178,card_00513,2026-01-29T01:36:03Z,37.47,electronics,AE,True,False
txn_0000179,card_00674,2026-01-29T21:45:27Z,147.5,online_retail,US,False,False
txn_0000180,card_00509,2026-01-11T13:21:17Z,156.81,fuel,GB,False,False
txn_0000181,card_00170,2026-01-17T19:56:21Z,42.82,entertainment,GB,True,False
txn_0000182,card_00053,2026-01-22T18:15:56Z,439.6,electronics,IN,True,False
txn_0000183,card_00426,2026-01-04T11:29:42Z,39.31,atm_withdrawal,DE,True,False
txn_0000184,card_00254,2026-01-04T08:01:17Z,392.74,restaurant,SG,True,False
txn_0000185,card_00690,2026-01-09T02:02:10Z,16.99,utilities,IN,False,False
txn_0000186,card_00121,2026-01-11T02:12:57Z,120.75,grocery,US,False,False
txn_0000187,card_00749,2026-01-12T15:39:27Z,10.84,entertainment,GB,True,False
txn_0000188,card_00098,2026-01-23T13:21:02Z,41.87,travel,AE,True,False
txn_0000189,card_00240,2026-01-09T10:34:20Z,38.54,atm_withdrawal,US,False,False
txn_0000190,card_00546,2026-01-02T10:40:00Z,409.41,online_retail,AE,False,False
txn_0000191,card_00574,2026-01-04T09:04:02Z,30.41,entertainment,US,True,False
txn_0000192,card_00354,2026-01-29T22:42:53Z,44.91,atm_withdrawal,US,True,False
txn_0000193,card_00139,2026-01-05T08:15:54Z,70.84,online_retail,DE,False,False
txn_0000194,card_00623,2026-01-26T03:02:27Z,6.05,atm_withdrawal,GB,False,False
txn_0000195,card_00595,2026-01-01T00:37:07Z,107.55,fuel,IN,False,False
txn_0000196,card_00598,2026-01-13T21:10:43Z,28.73,travel,AE,True,False
txn_0000197,card_00742,2026-01-20T15:31:04Z,83.21,fuel,IN,True,False
txn_0000198,card_00394,2026-01-09T19:36:28Z,89.52,fuel,US,True,False
txn_0000199,card_00784,2026-01-21T00:28:25Z,16.98,pharmacy,SG,False,False
txn_0000200,card_00239,2026-01-26T20:37:44Z,135.44,grocery,AE,True,False
txn_0000201,card_00059,2026-01-25T17:57:51Z,25.62,grocery,DE,True,False
txn_0000202,card_00320,2026-01-12T14:59:46Z,285.25,fuel,IN,True,False
txn_0000203,card_00620,2026-01-12T22:36:48Z,90.51,restaurant,SG,True,False
txn_0000204,card_00654,2026-01-11T18:52:37Z,12.27,utilities,DE,True,False
txn_0000205,card_00507,2026-01-26T12:53:13Z,48.37,pharmacy,IN,False,False
txn_0000206,card_00134,2026-01-10T04:29:33Z,42.66,grocery,GB,True,False
txn_0000207,card_00020,2026-01-24T05:09:45Z,329.83,grocery,AE,False,False
txn_0000208,card_00893,2026-01-28T08:36:53Z,106.43,pharmacy,DE,False,False
txn_0000209,card_00524,2026-01-20T01:23:07Z,56.53,pharmacy,SG,True,False
txn_0000210,card_00593,2026-01-30T21:36:44Z,30.49,utilities,AE,True,False
txn_0000211,card_00662,2026-01-15T10:08:13Z,27.66,restaurant,US,True,False
txn_0000212,card_00180,2026-01-24T10:43:03Z,18.35,utilities,AE,False,False
txn_0000213,card_00841,2026-01-16T16:38:49Z,64.35,fuel,US,False,False
txn_0000214,card_00556,2026-01-18T13:48:23Z,8.01,atm_withdrawal,IN,True,False
txn_0000215,card_00650,2026-01-27T15:52:54Z,74.28,entertainment,SG,False,False
txn_0000216,card_00629,2026-01-12T09:35:17Z,82.66,fuel,SG,False,False
txn_0000217,card_00687,2026-01-07T23:11:32Z,18.22,fuel,IN,True,False
txn_0000218,card_00462,2026-01-09T20:26:49Z,49.99,atm_withdrawal,AE,False,False
txn_0000219,card_00687,2026-01-24T02:00:38Z,22.35,fuel,GB,False,False
txn_0000220,card_00311,2026-01-04T22:39:57Z,227.94,travel,US,False,False
txn_0000221,card_00761,2026-01-29T06:25:54Z,82.16,grocery,DE,False,False
txn_0000222,card_00159,2026-01-05T12:54:47Z,159.91,electronics,AE,False,False
txn_0000223,card_00154,2026-01-29T20:58:26Z,99.46,utilities,AE,True,False
txn_0000224,card_00371,2026-01-05T16:09:07Z,16.3,electronics,AE,True,False
txn_0000225,card_00647,2026-01-01T12:08:51Z,34.14,electronics,AE,True,False
txn_0000226,card_00348,2026-01-14T20:13:42Z,340.76,online_retail,IN,False,False
txn_0000227,card_00412,2026-01-13T18:55:37Z,69.69,electronics,SG,False,False
txn_0000228,card_00454,2026-01-18T21:07:24Z,927.29,entertainment,GB,True,False
txn_0000229,card_00288,2026-01-12T01:14:09Z,90.02,pharmacy,GB,False,False
txn_0000230,card_00009,2026-01-06T14:57:10Z,31.79,travel,SG,False,False
txn_0000231,card_00287,2026-01-08T15:39:05Z,11.93,pharmacy,SG,True,True
txn_0000232,card_00221,2026-01-16T20:01:36Z,33.24,electronics,DE,True,False
txn_0000233,card_00434,2026-01-01T15:10:23Z,370.19,restaurant,US,True,False
txn_0000234,card_00878,2026-01-27T21:22:16Z,112.34,electronics,US,True,True
txn_0000235,card_00333,2026-01-19T06:44:25Z,11.66,grocery,AE,False,False
txn_0000236,card_00831,2026-01-22T22:47:18Z,154.63,restaurant,GB,False,False
txn_0000237,card_00520,2026-01-17T08:59:36Z,76.47,pharmacy,AE,False,False
txn_0000238,card_00172,2026-01-05T02:00:14Z,31.02,travel,AE,True,False
txn_0000239,card_00611,2026-01-11T20:32:42Z,12.51,pharmacy,SG,True,False
txn_0000240,card_00752,2026-01-18T15:45:22Z,259.9,electronics,IN,True,False
txn_0000241,card_00565,2026-01-19T10:32:58Z,89.75,grocery,GB,True,False
txn_0000242,card_00709,2026-01-13T02:45:25Z,17.18,grocery,US,True,False
txn_0000243,card_00598,2026-01-05T20:57:03Z,2229.11,utilities,AE,True,False
txn_0000244,card_00037,2026-01-09T11:44:33Z,34.73,online_retail,GB,False,False
txn_0000245,card_00432,2026-01-03T23:32:17Z,204.33,grocery,IN,False,False
txn_0000246,card_00396,2026-01-15T00:11:55Z,109.71,grocery,US,True,False
txn_0000247,card_00142,2026-01-17T13:36:48Z,56.14,grocery,IN,True,False
txn_0000248,card_00606,2026-01-16T23:49:02Z,368.04,online_retail,SG,False,False
txn_0000249,card_00036,2026-01-19T06:19:26Z,205.28,fuel,US,False,False
txn_0000250,card_00069,2026-01-01T03:05:05Z,254.82,online_retail,US,True,False
txn_0000251,card_00304,2026-01-24T09:17:16Z,72.51,online_retail,GB,False,False
txn_0000252,card_00493,2026-01-10T06:38:35Z,21.39,electronics,US,True,False
txn_0000253,card_00899,2026-01-08T22:43:37Z,13.14,entertainment,DE,True,False
txn_0000254,card_00086,2026-01-17T15:31:52Z,56.47,entertainment,DE,False,False
txn_0000255,card_00839,2026-01-28T16:17:08Z,58.74,entertainment,IN,False,False
txn_0000256,card_00340,2026-01-09T15:16:29Z,441.14,pharmacy,GB,False,False
txn_0000257,card_00664,2026-01-14T01:27:14Z,442.35,grocery,IN,True,False
txn_0000258,card_00346,2026-01-16T06:13:38Z,27.09,utilities,AE,False,False
txn_0000259,card_00750,2026-01-21T03:34:22Z,133.9,pharmacy,SG,False,False
txn_0000260,card_00866,2026-01-12T08:18:05Z,37.06,utilities,AE,True,False
txn_0000261,card_00851,2026-01-14T11:42:52Z,122.79,online_retail,SG,True,False
txn_0000262,card_00237,2026-01-14T07:36:40Z,83.16,travel,IN,False,False
txn_0000263,card_00018,2026-01-14T07:28:05Z,11.91,entertainment,AE,True,False
txn_0000264,card_00036,2026-01-26T15:28:30Z,18.15,restaurant,SG,True,False
txn_0000265,card_00317,2026-01-11T13:44:46Z,149.1,pharmacy,SG,False,False
txn_0000266,card_00365,2026-01-18T08:04:26Z,30.66,grocery,SG,False,False
txn_0000267,card_00142,2026-01-11T19:09:26Z,80.81,restaurant,GB,False,False
txn_0000268,card_00180,2026-01-09T07:26:11Z,122.35,entertainment,GB,True,False
txn_0000269,card_00238,2026-01-27T11:03:33Z,62.42,grocery,DE,True,False
txn_0000270,card_00724,2026-01-05T09:09:37Z,150.8,grocery,GB,False,False
txn_0000271,card_00148,2026-01-18T06:13:08Z,86.98,electronics,IN,False,False
txn_0000272,card_00563,2026-01-14T01:36:07Z,43.75,restaurant,AE,True,False
txn_0000273,card_00635,2026-01-26T18:24:21Z,38.35,grocery,IN,False,False
txn_0000274,card_00067,2026-01-03T05:50:59Z,126.96,travel,AE,False,False
txn_0000275,card_00196,2026-01-17T18:16:42Z,15.28,entertainment,IN,True,False
txn_0000276,card_00680,2026-01-05T15:25:12Z,151.17,restaurant,GB,False,False
txn_0000277,card_00776,2026-01-18T05:39:03Z,35.13,online_retail,GB,True,False
txn_0000278,card_00491,2026-01-23T13:13:13Z,4.82,utilities,IN,True,False
txn_0000279,card_00013,2026-01-20T00:53:18Z,18.86,pharmacy,DE,True,False
txn_0000280,card_00500,2026-01-03T00:36:23Z,156.89,electronics,GB,False,False
txn_0000281,card_00264,2026-01-15T02:28:46Z,83.39,fuel,AE,False,False
txn_0000282,card_00815,2026-01-15T22:22:55Z,500.86,utilities,AE,False,False
txn_0000283,card_00333,2026-01-10T19:56:31Z,178.67,electronics,DE,True,False
txn_0000284,card_00891,2026-01-26T00:24:39Z,26.12,atm_withdrawal,US,False,False
txn_0000285,card_00282,2026-01-23T05:06:46Z,123.06,grocery,GB,True,False
txn_0000286,card_00238,2026-01-05T15:52:49Z,31.67,fuel,GB,False,False
txn_0000287,card_00268,2026-01-07T03:22:47Z,82.02,fuel,GB,True,False
txn_0000288,card_00461,2026-01-04T03:27:09Z,41.18,fuel,GB,True,False
txn_0000289,card_00343,2026-01-16T14:59:28Z,51.31,pharmacy,SG,False,False
txn_0000290,card_00807,2026-01-26T23:19:40Z,125.83,pharmacy,IN,True,False
txn_0000291,card_00157,2026-01-02T19:40:47Z,63.17,utilities,GB,True,False
txn_0000292,card_00604,2026-01-02T10:19:29Z,13.35,travel,AE,False,False
txn_0000293,card_00110,2026-01-23T21:55:16Z,32.91,fuel,AE,False,False
txn_0000294,card_00733,2026-01-03T03:42:22Z,34.36,atm_withdrawal,AE,True,False
txn_0000295,card_00720,2026-01-25T01:04:07Z,584.7,atm_withdrawal,US,False,False
txn_0000296,card_00077,2026-01-26T14:09:53Z,399.8,entertainment,IN,False,False
txn_0000297,card_00864,2026-01-25T17:02:37Z,118.99,grocery,IN,True,False
txn_0000298,card_00725,2026-01-08T08:21:19Z,30.48,entertainment,US,False,False
txn_0000299,card_00143,2026-01-12T05:42:29Z,17.66,electronics,DE,False,False
txn_0000300,card_00161,2026-01-25T22:44:50Z,40.57,online_retail,DE,False,False
txn_0000301,card_00616,2026-01-24T09:59:01Z,88.41,electronics,US,False,True
txn_0000302,card_00783,2026-01-02T20:46:49Z,23.55,online_retail,DE,False,False
txn_0000303,card_00207,2026-01-21T06:40:23Z,31.02,electronics,US,True,False
txn_0000304,card_00843,2026-01-22T03:36:48Z,51.13,atm_withdrawal,SG,False,False
txn_0000305,card_00215,2026-01-08T10:05:54Z,49.91,utilities,DE,True,False
txn_0000306,card_00592,2026-01-16T19:15:31Z,248.37,restaurant,SG,False,False
txn_0000307,card_00226,2026-01-17T01:56:33Z,24.11,entertainment,US,False,False
txn_0000308,card_00504,2026-01-24T23:30:48Z,220.09,restaurant,SG,False,False
txn_0000309,card_00720,2026-01-19T05:36:17Z,10.39,fuel,DE,True,False
txn_0000310,card_00357,2026-01-11T11:37:45Z,386.35,online_retail,AE,False,False
txn_0000311,card_00391,2026-01-09T23:07:38Z,29.03,travel,US,False,False
txn_0000312,card_00180,2026-01-03T19:12:44Z,29.73,electronics,AE,True,False
txn_0000313,card_00621,2026-01-17T22:02:48Z,60.37,electronics,GB,True,False
txn_0000314,card_00284,2026-01-03T12:39:14Z,5.19,restaurant,AE,True,False
txn_0000315,card_00153,2026-01-08T23:34:03Z,53.09,entertainment,IN,False,False
txn_0000316,card_00689,2026-01-11T01:57:20Z,40.82,restaurant,US,False,False
txn_0000317,card_00592,2026-01-17T03:44:47Z,49.54,fuel,SG,True,False
txn_0000318,card_00731,2026-01-03T20:51:53Z,94.9,restaurant,US,False,False
txn_0000319,card_00393,2026-01-11T18:21:15Z,1084.22,pharmacy,SG,True,True
txn_0000320,card_00344,2026-01-11T15:35:41Z,121.54,online_retail,SG,False,False
txn_0000321,card_00365,2026-01-21T01:55:33Z,9.92,entertainment,GB,True,False
txn_0000322,card_00221,2026-01-06T20:33:04Z,3.29,online_retail,SG,False,False
txn_0000323,card_00427,2026-01-05T08:40:27Z,112.28,atm_withdrawal,GB,False,False
txn_0000324,card_00537,2026-01-17T18:50:20Z,50.68,fuel,GB,True,False
txn_0000325,card_00586,2026-01-15T11:01:48Z,48.42,fuel,US,True,False
txn_0000326,card_00325,2026-01-03T14:32:18Z,645.82,pharmacy,DE,False,False
txn_0000327,card_00286,2026-01-01T18:48:41Z,175.14,travel,US,True,False
txn_0000328,card_00629,2026-01-24T18:04:40Z,29.9,utilities,GB,False,False
txn_0000329,card_00852,2026-01-05T07:28:59Z,128.79,online_retail,AE,True,False
txn_0000330,card_00756,2026-01-26T08:09:21Z,212.23,restaurant,US,True,False
txn_0000331,card_00008,2026-01-21T14:48:14Z,141.87,entertainment,US,False,False
txn_0000332,card_00626,2026-01-27T10:08:46Z,119.12,restaurant,IN,False,False
txn_0000333,card_00485,2026-01-06T03:19:10Z,24.4,fuel,DE,True,False
txn_0000334,card_00333,2026-01-20T18:50:30Z,547.33,grocery,DE,True,False
txn_0000335,card_00309,2026-01-08T11:24:52Z,130.56,grocery,US,True,False
txn_0000336,card_00119,2026-01-05T14:27:00Z,13.33,utilities,DE,True,False
txn_0000337,card_00506,2026-01-20T07:14:02Z,302.59,online_retail,GB,False,False
txn_0000338,card_00280,2026-01-02T05:58:55Z,67.0,grocery,SG,False,False
txn_0000339,card_00647,2026-01-30T06:48:28Z,50.49,online_retail,GB,True,False
txn_0000340,card_00134,2026-01-20T06:04:48Z,53.92,online_retail,AE,True,False
txn_0000341,card_00136,2026-01-25T11:04:03Z,69.55,atm_withdrawal,DE,False,False
txn_0000342,card_00675,2026-01-26T07:02:56Z,61.51,travel,GB,False,False
txn_0000343,card_00045,2026-01-02T04:22:08Z,89.5,grocery,AE,False,True
txn_0000344,card_00878,2026-01-06T02:31:02Z,83.02,electronics,SG,True,False
txn_0000345,card_00298,2026-01-12T01:38:20Z,61.04,electronics,DE,True,False
txn_0000346,card_00606,2026-01-09T23:15:43Z,68.49,entertainment,IN,True,False
txn_0000347,card_00785,2026-01-03T09:17:38Z,285.04,online_retail,US,False,False
txn_0000348,card_00461,2026-01-08T21:45:21Z,29.37,travel,DE,True,False
txn_0000349,card_00602,2026-01-24T17:40:03Z,521.04,travel,US,True,False
txn_0000350,card_00900,2026-01-25T16:15:39Z,28.39,electronics,DE,True,False
txn_0000351,card_00465,2026-01-29T11:54:21Z,163.02,online_retail,US,False,False
txn_0000352,card_00673,2026-01-24T20:09:07Z,167.07,restaurant,GB,True,False
txn_0000353,card_00597,2026-01-26T19:04:44Z,150.57,entertainment,AE,True,False
txn_0000354,card_00697,2026-01-13T02:48:12Z,253.91,grocery,GB,False,False
txn_0000355,card_00158,2026-01-16T00:14:09Z,40.41,pharmacy,IN,False,False
txn_0000356,card_00148,2026-01-22T08:13:03Z,80.14,atm_withdrawal,DE,True,False
txn_0000357,card_00014,2026-01-11T20:30:44Z,88.61,grocery,IN,True,False
txn_0000358,card_00323,2026-01-24T04:33:15Z,160.81,entertainment,DE,True,False
txn_0000359,card_00066,2026-01-17T16:17:52Z,118.42,restaurant,GB,False,False
txn_0000360,card_00865,2026-01-27T16:04:31Z,56.38,restaurant,US,False,False
txn_0000361,card_00854,2026-01-12T16:54:46Z,14.02,travel,GB,True,False
txn_0000362,card_00227,2026-01-08T05:29:19Z,7.08,pharmacy,SG,True,False
txn_0000363,card_00216,2026-01-19T15:13:33Z,18.72,travel,US,False,False
txn_0000364,card_00707,2026-01-24T16:58:02Z,30.51,restaurant,US,True,False
txn_0000365,card_00814,2026-01-23T07:28:00Z,331.0,fuel,GB,True,False
txn_0000366,card_00248,2026-01-10T21:12:32Z,78.21,electronics,DE,True,False
txn_0000367,card_00761,2026-01-23T19:34:23Z,150.79,atm_withdrawal,DE,False,False
txn_0000368,card_00617,2026-01-05T05:39:11Z,43.17,atm_withdrawal,IN,True,False
txn_0000369,card_00433,2026-01-28T09:58:55Z,222.84,pharmacy,AE,True,False
txn_0000370,card_00238,2026-01-06T08:38:03Z,17.7,atm_withdrawal,IN,False,False
txn_0000371,card_00128,2026-01-20T16:54:58Z,186.13,travel,IN,False,False
txn_0000372,card_00134,2026-01-19T21:37:57Z,29.44,grocery,US,True,False
txn_0000373,card_00120,2026-01-08T07:18:42Z,46.2,travel,IN,False,False
txn_0000374,card_00199,2026-01-03T22:56:24Z,28.48,electronics,GB,True,False
txn_0000375,card_00150,2026-01-10T23:35:38Z,18.91,grocery,DE,False,False
txn_0000376,card_00420,2026-01-02T18:42:17Z,35.35,atm_withdrawal,DE,False,False
txn_0000377,card_00434,2026-01-24T16:31:46Z,71.9,pharmacy,SG,True,False
txn_0000378,card_00672,2026-01-17T14:37:28Z,38.9,electronics,DE,True,False
txn_0000379,card_00674,2026-01-30T09:06:45Z,22.63,travel,SG,True,False
txn_0000380,card_00773,2026-01-26T12:52:10Z,271.2,travel,SG,True,False
txn_0000381,card_00273,2026-01-21T12:34:28Z,194.69,pharmacy,DE,False,True
txn_0000382,card_00635,2026-01-07T00:47:08Z,11.09,utilities,IN,True,False
txn_0000383,card_00865,2026-01-26T21:19:21Z,9.64,fuel,AE,False,False
txn_0000384,card_00773,2026-01-29T13:24:38Z,26.56,online_retail,IN,False,False
txn_0000385,card_00866,2026-01-22T17:27:54Z,67.66,atm_withdrawal,AE,False,False
txn_0000386,card_00636,2026-01-27T06:08:52Z,323.02,electronics,DE,False,False
txn_0000387,card_00591,2026-01-28T00:54:29Z,83.92,travel,SG,True,False
txn_0000388,card_00444,2026-01-29T04:56:04Z,637.92,pharmacy,US,True,False
txn_0000389,card_00739,2026-01-01T00:32:03Z,39.54,grocery,DE,True,False
txn_0000390,card_00488,2026-01-06T19:58:50Z,43.91,entertainment,DE,False,False
txn_0000391,card_00587,2026-01-18T11:50:14Z,12.72,grocery,AE,False,True
txn_0000392,card_00195,2026-01-09T01:11:32Z,40.02,grocery,GB,True,False
txn_0000393,card_00682,2026-01-09T05:49:22Z,68.4,utilities,US,True,False
txn_0000394,card_00639,2026-01-20T00:22:40Z,832.16,electronics,IN,False,True
txn_0000395,card_00882,2026-01-15T12:42:10Z,61.29,pharmacy,IN,False,False
txn_0000396,card_00732,2026-01-06T09:44:01Z,8.0,electronics,SG,True,False
txn_0000397,card_00426,2026-01-08T13:28:54Z,29.28,grocery,GB,True,False
txn_0000398,card_00528,2026-01-02T12:10:41Z,21.15,pharmacy,SG,False,False
txn_0000399,card_00505,2026-01-16T05:38:43Z,56.89,atm_withdrawal,DE,True,False
txn_0000400,card_00485,2026-01-10T11:23:57Z,172.92,fuel,US,True,False
txn_0000401,card_00607,2026-01-03T16:42:27Z,6.88,restaurant,AE,True,False
txn_0000402,card_00805,2026-01-26T19:29:06Z,34.55,grocery,IN,True,False
txn_0000403,card_00003,2026-01-02T14:41:50Z,34.13,pharmacy,DE,False,False
txn_0000404,card_00650,2026-01-25T09:29:08Z,105.94,online_retail,DE,False,False
txn_0000405,card_00456,2026-01-27T00:17:27Z,142.69,pharmacy,AE,False,False
txn_0000406,card_00817,2026-01-21T22:30:49Z,72.86,atm_withdrawal,US,False,False
txn_0000407,card_00465,2026-01-15T06:07:17Z,280.99,utilities,IN,True,False
txn_0000408,card_00619,2026-01-12T09:57:44Z,64.27,pharmacy,US,True,False
txn_0000409,card_00883,2026-01-09T03:49:34Z,106.45,travel,AE,False,False
txn_0000410,card_00127,2026-01-01T22:31:21Z,96.01,fuel,DE,True,False
txn_0000411,card_00272,2026-01-27T09:25:55Z,72.13,online_retail,DE,True,False
txn_0000412,card_00639,2026-01-07T08:45:14Z,41.87,grocery,AE,True,False
txn_0000413,card_00136,2026-01-27T21:58:57Z,122.62,fuel,SG,True,False
txn_0000414,card_00349,2026-01-25T12:08:02Z,22.22,online_retail,DE,False,False
txn_0000415,card_00375,2026-01-08T02:52:27Z,104.33,travel,SG,False,False
txn_0000416,card_00097,2026-01-30T01:58:59Z,21.26,restaurant,IN,True,False
txn_0000417,card_00072,2026-01-18T05:28:57Z,202.16,restaurant,GB,True,False
txn_0000418,card_00176,2026-01-18T01:59:46Z,390.59,entertainment,AE,True,False
txn_0000419,card_00717,2026-01-29T20:51:33Z,269.79,grocery,AE,False,False
txn_0000420,card_00730,2026-01-04T22:23:38Z,117.16,travel,DE,True,False
txn_0000421,card_00370,2026-01-27T05:28:02Z,69.18,atm_withdrawal,IN,True,False
txn_0000422,card_00886,2026-01-22T00:48:12Z,63.16,pharmacy,IN,False,False
txn_0000423,card_00736,2026-01-25T15:17:49Z,42.66,atm_withdrawal,AE,True,False
txn_0000424,card_00790,2026-01-14T20:24:42Z,108.91,atm_withdrawal,DE,True,False
txn_0000425,card_00414,2026-01-10T23:34:18Z,87.97,travel,AE,True,False
txn_0000426,card_00827,2026-01-14T22:08:56Z,302.25,grocery,US,True,False
txn_0000427,card_00229,2026-01-08T16:55:46Z,122.8,atm_withdrawal,SG,False,False
txn_0000428,card_00121,2026-01-20T13:22:27Z,200.92,entertainment,US,False,False
txn_0000429,card_00797,2026-01-10T18:38:17Z,6.82,utilities,IN,False,False
txn_0000430,card_00531,2026-01-01T23:26:42Z,25.0,atm_withdrawal,SG,True,False
txn_0000431,card_00319,2026-01-28T02:20:23Z,48.98,online_retail,AE,True,False
txn_0000432,card_00085,2026-01-07T05:52:31Z,108.02,entertainment,US,True,False
txn_0000433,card_00011,2026-01-11T22:03:42Z,176.29,grocery,GB,True,False
txn_0000434,card_00862,2026-01-08T01:34:41Z,59.82,utilities,US,False,False
txn_0000435,card_00635,2026-01-12T21:33:30Z,27.19,entertainment,SG,False,False
txn_0000436,card_00011,2026-01-17T00:59:38Z,628.63,pharmacy,US,False,False
txn_0000437,card_00689,2026-01-11T19:18:02Z,30.97,fuel,AE,False,False
txn_0000438,card_00544,2026-01-26T13:55:44Z,102.19,online_retail,DE,True,False
txn_0000439,card_00086,2026-01-21T06:45:52Z,150.52,travel,AE,False,False
txn_0000440,card_00267,2026-01-05T08:34:13Z,219.75,electronics,AE,False,False
txn_0000441,card_00668,2026-01-24T06:04:11Z,79.84,fuel,GB,True,False
txn_0000442,card_00318,2026-01-25T20:31:43Z,38.81,travel,GB,False,False
txn_0000443,card_00784,2026-01-02T00:42:22Z,278.58,restaurant,US,True,False
txn_0000444,card_00701,2026-01-09T09:27:31Z,29.78,fuel,GB,False,False
txn_0000445,card_00157,2026-01-11T04:03:06Z,22.05,electronics,GB,False,False
txn_0000446,card_00451,2026-01-04T04:50:16Z,87.86,pharmacy,GB,False,False
txn_0000447,card_00713,2026-01-13T03:27:12Z,503.25,travel,US,False,True
txn_0000448,card_00839,2026-01-22T13:14:41Z,236.86,utilities,DE,True,False
txn_0000449,card_00182,2026-01-12T08:49:13Z,10.29,travel,DE,True,False
txn_0000450,card_00733,2026-01-09T14:24:48Z,22.2,fuel,US,True,False
txn_0000451,card_00654,2026-01-19T07:30:47Z,100.69,restaurant,US,False,False
txn_0000452,card_00698,2026-01-08T17:48:38Z,145.96,entertainment,IN,True,False
txn_0000453,card_00684,2026-01-08T05:17:06Z,130.35,restaurant,US,True,False
txn_0000454,card_00831,2026-01-26T16:32:03Z,33.17,grocery,AE,True,False
txn_0000455,card_00072,2026-01-01T01:07:57Z,427.35,grocery,US,False,False
txn_0000456,card_00307,2026-01-05T11:30:30Z,346.53,travel,US,False,False
txn_0000457,card_00679,2026-01-19T23:16:41Z,29.8,entertainment,GB,False,False
txn_0000458,card_00206,2026-01-01T01:25:59Z,52.9,entertainment,SG,True,False
txn_0000459,card_00194,2026-01-16T22:55:09Z,25.79,travel,US,True,False
txn_0000460,card_00068,2026-01-04T00:22:44Z,66.51,travel,SG,True,False
txn_0000461,card_00553,2026-01-03T18:15:08Z,132.34,utilities,DE,True,False
txn_0000462,card_00349,2026-01-26T02:54:00Z,154.71,utilities,AE,False,False
txn_0000463,card_00633,2026-01-07T00:56:19Z,18.49,online_retail,IN,False,False
txn_0000464,card_00152,2026-01-03T02:02:50Z,44.98,travel,DE,True,False
txn_0000465,card_00287,2026-01-30T07:49:41Z,269.24,electronics,GB,False,False
txn_0000466,card_00255,2026-01-05T04:35:27Z,170.79,pharmacy,GB,True,True
txn_0000467,card_00726,2026-01-20T21:39:06Z,124.59,grocery,SG,True,False
txn_0000468,card_00319,2026-01-20T23:28:11Z,14.09,utilities,AE,False,False
txn_0000469,card_00243,2026-01-08T00:45:23Z,9.19,atm_withdrawal,AE,True,False
txn_0000470,card_00350,2026-01-02T05:11:11Z,48.03,online_retail,US,False,False
txn_0000471,card_00839,2026-01-21T16:42:02Z,38.37,utilities,IN,False,False
txn_0000472,card_00099,2026-01-11T00:08:02Z,109.16,restaurant,AE,True,False
txn_0000473,card_00491,2026-01-26T13:33:59Z,182.61,pharmacy,DE,False,False
txn_0000474,card_00409,2026-01-09T10:09:58Z,53.26,restaurant,US,True,False
txn_0000475,card_00547,2026-01-24T17:55:57Z,750.12,restaurant,GB,True,False
txn_0000476,card_00239,2026-01-05T10:42:38Z,79.31,travel,AE,False,False
txn_0000477,card_00814,2026-01-12T13:45:10Z,113.86,travel,SG,True,True
txn_0000478,card_00869,2026-01-28T05:28:54Z,22.99,atm_withdrawal,GB,False,False
txn_0000479,card_00789,2026-01-09T07:11:04Z,35.5,restaurant,US,False,False
txn_0000480,card_00231,2026-01-17T12:45:06Z,10.49,utilities,IN,True,False
txn_0000481,card_00898,2026-01-25T23:26:50Z,33.21,utilities,US,False,False
txn_0000482,card_00715,2026-01-13T14:06:01Z,119.75,pharmacy,IN,True,False
txn_0000483,card_00441,2026-01-26T22:43:00Z,26.57,atm_withdrawal,DE,True,False
txn_0000484,card_00866,2026-01-08T10:05:48Z,34.67,travel,SG,True,False
txn_0000485,card_00636,2026-01-15T22:02:02Z,313.15,restaurant,GB,True,True
txn_0000486,card_00688,2026-01-02T02:10:22Z,63.1,entertainment,US,False,False
txn_0000487,card_00336,2026-01-11T18:27:35Z,109.48,fuel,GB,True,False
txn_0000488,card_00224,2026-01-23T20:33:05Z,62.6,utilities,GB,True,False
txn_0000489,card_00870,2026-01-17T16:39:14Z,32.35,electronics,US,True,False
txn_0000490,card_00004,2026-01-21T22:12:02Z,219.71,travel,GB,True,False
txn_0000491,card_00493,2026-01-11T19:26:38Z,69.41,atm_withdrawal,DE,False,False
txn_0000492,card_00125,2026-01-19T22:52:23Z,167.85,utilities,US,True,False
txn_0000493,card_00063,2026-01-16T21:55:52Z,62.22,travel,IN,False,False
txn_0000494,card_00526,2026-01-05T16:50:49Z,91.42,restaurant,AE,False,False
txn_0000495,card_00320,2026-01-28T04:49:59Z,37.51,grocery,SG,False,False
txn_0000496,card_00838,2026-01-07T23:42:24Z,33.25,atm_withdrawal,DE,True,False
txn_0000497,card_00701,2026-01-14T13:54:48Z,18.72,entertainment,IN,False,False
txn_0000498,card_00263,2026-01-14T13:46:04Z,497.93,fuel,IN,True,True
txn_0000499,card_00761,2026-01-28T00:53:50Z,67.13,online_retail,GB,False,False
